date,indicator_key,value
1987-05-01,brent_gbp_bbl,11.148
1987-06-01,brent_gbp_bbl,11.5782
1987-07-01,brent_gbp_bbl,12.343
1987-08-01,brent_gbp_bbl,11.8663
1987-09-01,brent_gbp_bbl,11.1343
1987-10-01,brent_gbp_bbl,11.2879
1987-11-01,brent_gbp_bbl,10.0155
1987-12-01,brent_gbp_bbl,9.3229
1988-01-01,brent_gbp_bbl,9.3013
1988-02-01,brent_gbp_bbl,8.9472
1988-03-01,brent_gbp_bbl,8.0367
1988-04-01,brent_gbp_bbl,8.8378
1988-05-01,brent_gbp_bbl,8.7242
1988-06-01,brent_gbp_bbl,8.7459
1988-07-01,brent_gbp_bbl,8.7447
1988-08-01,brent_gbp_bbl,8.7762
1988-09-01,brent_gbp_bbl,7.8263
1988-10-01,brent_gbp_bbl,7.137
1988-11-01,brent_gbp_bbl,7.1988
1988-12-01,brent_gbp_bbl,8.3853
1989-01-01,brent_gbp_bbl,9.6804
1989-02-01,brent_gbp_bbl,9.6324
1989-03-01,brent_gbp_bbl,10.9133
1989-04-01,brent_gbp_bbl,11.9482
1989-05-01,brent_gbp_bbl,11.4239
1989-06-01,brent_gbp_bbl,11.3777
1989-07-01,brent_gbp_bbl,10.831
1989-08-01,brent_gbp_bbl,10.5165
1989-09-01,brent_gbp_bbl,11.3071
1989-10-01,brent_gbp_bbl,11.9133
1989-11-01,brent_gbp_bbl,11.9104
1989-12-01,brent_gbp_bbl,12.4278
1990-01-01,brent_gbp_bbl,12.869
1990-02-01,brent_gbp_bbl,11.68
1990-03-01,brent_gbp_bbl,11.3209
1990-04-01,brent_gbp_bbl,10.1454
1990-05-01,brent_gbp_bbl,9.7479
1990-06-01,brent_gbp_bbl,8.829
1990-07-01,brent_gbp_bbl,9.4864
1990-08-01,brent_gbp_bbl,14.2914
1990-09-01,brent_gbp_bbl,18.5703
1990-10-01,brent_gbp_bbl,18.5143
1990-11-01,brent_gbp_bbl,16.8359
1990-12-01,brent_gbp_bbl,14.7089
1991-01-01,brent_gbp_bbl,12.1833
1991-02-01,brent_gbp_bbl,9.9478
1991-03-01,brent_gbp_bbl,10.4749
1991-04-01,brent_gbp_bbl,10.9614
1991-05-01,brent_gbp_bbl,11.1321
1991-06-01,brent_gbp_bbl,11.0147
1991-07-01,brent_gbp_bbl,11.7486
1991-08-01,brent_gbp_bbl,11.7394
1991-09-01,brent_gbp_bbl,11.8736
1991-10-01,brent_gbp_bbl,12.8885
1991-11-01,brent_gbp_bbl,11.8617
1991-12-01,brent_gbp_bbl,10.0758
1992-01-01,brent_gbp_bbl,10.0388
1992-02-01,brent_gbp_bbl,10.1531
1992-03-01,brent_gbp_bbl,10.2272
1992-04-01,brent_gbp_bbl,10.7712
1992-05-01,brent_gbp_bbl,10.9912
1992-06-01,brent_gbp_bbl,11.4074
1992-07-01,brent_gbp_bbl,10.5552
1992-08-01,brent_gbp_bbl,10.1582
1992-09-01,brent_gbp_bbl,10.9782
1992-10-01,brent_gbp_bbl,12.2573
1992-11-01,brent_gbp_bbl,12.5826
1992-12-01,brent_gbp_bbl,11.6949
1993-01-01,brent_gbp_bbl,11.347
1993-02-01,brent_gbp_bbl,12.8311
1993-03-01,brent_gbp_bbl,12.8542
1993-04-01,brent_gbp_bbl,12.087
1993-05-01,brent_gbp_bbl,11.9593
1993-06-01,brent_gbp_bbl,11.702
1993-07-01,brent_gbp_bbl,11.2208
1993-08-01,brent_gbp_bbl,11.1974
1993-09-01,brent_gbp_bbl,10.4994
1993-10-01,brent_gbp_bbl,11.0556
1993-11-01,brent_gbp_bbl,10.2646
1993-12-01,brent_gbp_bbl,9.2073
1994-01-01,brent_gbp_bbl,9.5757
1994-02-01,brent_gbp_bbl,9.3288
1994-03-01,brent_gbp_bbl,9.2635
1994-04-01,brent_gbp_bbl,10.2742
1994-05-01,brent_gbp_bbl,10.7631
1994-06-01,brent_gbp_bbl,10.9812
1994-07-01,brent_gbp_bbl,11.3784
1994-08-01,brent_gbp_bbl,10.9515
1994-09-01,brent_gbp_bbl,10.1522
1994-10-01,brent_gbp_bbl,10.265
1994-11-01,brent_gbp_bbl,10.8159
1994-12-01,brent_gbp_bbl,10.2207
1995-01-01,brent_gbp_bbl,10.5109
1995-02-01,brent_gbp_bbl,10.8837
1995-03-01,brent_gbp_bbl,10.6295
1995-04-01,brent_gbp_bbl,11.604
1995-05-01,brent_gbp_bbl,11.5605
1995-06-01,brent_gbp_bbl,10.8534
1995-07-01,brent_gbp_bbl,9.9364
1995-08-01,brent_gbp_bbl,10.275
1995-09-01,brent_gbp_bbl,10.7114
1995-10-01,brent_gbp_bbl,10.2105
1995-11-01,brent_gbp_bbl,10.7904
1995-12-01,brent_gbp_bbl,11.6384
1996-01-01,brent_gbp_bbl,11.6757
1996-02-01,brent_gbp_bbl,11.718
1996-03-01,brent_gbp_bbl,12.9978
1996-04-01,brent_gbp_bbl,13.7856
1996-05-01,brent_gbp_bbl,12.639
1996-06-01,brent_gbp_bbl,11.975
1996-07-01,brent_gbp_bbl,12.6011
1996-08-01,brent_gbp_bbl,13.2331
1996-09-01,brent_gbp_bbl,14.5126
1996-10-01,brent_gbp_bbl,15.2305
1996-11-01,brent_gbp_bbl,13.6924
1996-12-01,brent_gbp_bbl,14.2918
1997-01-01,brent_gbp_bbl,14.1946
1997-02-01,brent_gbp_bbl,12.8269
1997-03-01,brent_gbp_bbl,11.8855
1997-04-01,brent_gbp_bbl,10.7783
1997-05-01,brent_gbp_bbl,11.6536
1997-06-01,brent_gbp_bbl,10.6869
1997-07-01,brent_gbp_bbl,11.0575
1997-08-01,brent_gbp_bbl,11.599
1997-09-01,brent_gbp_bbl,11.5283
1997-10-01,brent_gbp_bbl,12.1684
1997-11-01,brent_gbp_bbl,11.3506
1997-12-01,brent_gbp_bbl,10.351
1998-01-01,brent_gbp_bbl,9.2902
1998-02-01,brent_gbp_bbl,8.5757
1998-03-01,brent_gbp_bbl,7.8823
1998-04-01,brent_gbp_bbl,8.0909
1998-05-01,brent_gbp_bbl,8.7653
1998-06-01,brent_gbp_bbl,7.398
1998-07-01,brent_gbp_bbl,7.3495
1998-08-01,brent_gbp_bbl,7.2877
1998-09-01,brent_gbp_bbl,7.9293
1998-10-01,brent_gbp_bbl,7.4955
1998-11-01,brent_gbp_bbl,6.6461
1998-12-01,brent_gbp_bbl,5.8773
1999-01-01,brent_gbp_bbl,6.7338
1999-02-01,brent_gbp_bbl,6.3099
1999-03-01,brent_gbp_bbl,7.7162
1999-04-01,brent_gbp_bbl,9.5027
1999-05-01,brent_gbp_bbl,9.4274
1999-06-01,brent_gbp_bbl,9.9442
1999-07-01,brent_gbp_bbl,12.1139
1999-08-01,brent_gbp_bbl,12.591
1999-09-01,brent_gbp_bbl,13.8734
1999-10-01,brent_gbp_bbl,13.2748
1999-11-01,brent_gbp_bbl,15.1683
1999-12-01,brent_gbp_bbl,15.7889
2000-01-01,brent_gbp_bbl,15.5509
2000-02-01,brent_gbp_bbl,17.3625
2000-03-01,brent_gbp_bbl,17.4012
2000-04-01,brent_gbp_bbl,14.3843
2000-05-01,brent_gbp_bbl,18.3833
2000-06-01,brent_gbp_bbl,19.7455
2000-07-01,brent_gbp_bbl,19.0234
2000-08-01,brent_gbp_bbl,20.2823
2000-09-01,brent_gbp_bbl,23.1152
2000-10-01,brent_gbp_bbl,21.3438
2000-11-01,brent_gbp_bbl,22.8306
2000-12-01,brent_gbp_bbl,17.5412
2001-01-01,brent_gbp_bbl,17.3396
2001-02-01,brent_gbp_bbl,18.9338
2001-03-01,brent_gbp_bbl,16.9614
2001-04-01,brent_gbp_bbl,17.885
2001-05-01,brent_gbp_bbl,19.8453
2001-06-01,brent_gbp_bbl,19.8654
2001-07-01,brent_gbp_bbl,17.3943
2001-08-01,brent_gbp_bbl,17.8681
2001-09-01,brent_gbp_bbl,17.5036
2001-10-01,brent_gbp_bbl,14.1644
2001-11-01,brent_gbp_bbl,13.0961
2001-12-01,brent_gbp_bbl,12.981
2002-01-01,brent_gbp_bbl,13.559
2002-02-01,brent_gbp_bbl,14.2548
2002-03-01,brent_gbp_bbl,16.654
2002-04-01,brent_gbp_bbl,17.8309
2002-05-01,brent_gbp_bbl,17.3648
2002-06-01,brent_gbp_bbl,16.2299
2002-07-01,brent_gbp_bbl,16.538
2002-08-01,brent_gbp_bbl,17.3412
2002-09-01,brent_gbp_bbl,18.247
2002-10-01,brent_gbp_bbl,17.6834
2002-11-01,brent_gbp_bbl,15.4924
2002-12-01,brent_gbp_bbl,17.8592
2003-01-01,brent_gbp_bbl,19.2755
2003-02-01,brent_gbp_bbl,20.3797
2003-03-01,brent_gbp_bbl,19.3425
2003-04-01,brent_gbp_bbl,15.885
2003-05-01,brent_gbp_bbl,15.9401
2003-06-01,brent_gbp_bbl,16.6481
2003-07-01,brent_gbp_bbl,17.4778
2003-08-01,brent_gbp_bbl,18.753
2003-09-01,brent_gbp_bbl,16.7811
2003-10-01,brent_gbp_bbl,17.6328
2003-11-01,brent_gbp_bbl,17.0142
2003-12-01,brent_gbp_bbl,17.0185
2004-01-01,brent_gbp_bbl,17.1352
2004-02-01,brent_gbp_bbl,16.5255
2004-03-01,brent_gbp_bbl,18.4158
2004-04-01,brent_gbp_bbl,18.629
2004-05-01,brent_gbp_bbl,21.0354
2004-06-01,brent_gbp_bbl,19.247
2004-07-01,brent_gbp_bbl,20.7305
2004-08-01,brent_gbp_bbl,23.4814
2004-09-01,brent_gbp_bbl,24.084
2004-10-01,brent_gbp_bbl,27.5383
2004-11-01,brent_gbp_bbl,23.1673
2004-12-01,brent_gbp_bbl,20.5326
2005-01-01,brent_gbp_bbl,23.6793
2005-02-01,brent_gbp_bbl,24.0999
2005-03-01,brent_gbp_bbl,27.8828
2005-04-01,brent_gbp_bbl,27.3615
2005-05-01,brent_gbp_bbl,26.2126
2005-06-01,brent_gbp_bbl,29.8979
2005-07-01,brent_gbp_bbl,32.8554
2005-08-01,brent_gbp_bbl,35.6561
2005-09-01,brent_gbp_bbl,34.827
2005-10-01,brent_gbp_bbl,33.1629
2005-11-01,brent_gbp_bbl,31.8403
2005-12-01,brent_gbp_bbl,32.5694
2006-01-01,brent_gbp_bbl,35.6145
2006-02-01,brent_gbp_bbl,34.4461
2006-03-01,brent_gbp_bbl,35.579
2006-04-01,brent_gbp_bbl,39.7391
2006-05-01,brent_gbp_bbl,37.3393
2006-06-01,brent_gbp_bbl,37.1869
2006-07-01,brent_gbp_bbl,39.9439
2006-08-01,brent_gbp_bbl,38.6654
2006-09-01,brent_gbp_bbl,32.8884
2006-10-01,brent_gbp_bbl,30.8069
2006-11-01,brent_gbp_bbl,30.7256
2006-12-01,brent_gbp_bbl,31.8285
2007-01-01,brent_gbp_bbl,27.4036
2007-02-01,brent_gbp_bbl,29.3844
2007-03-01,brent_gbp_bbl,31.8627
2007-04-01,brent_gbp_bbl,33.9475
2007-05-01,brent_gbp_bbl,33.8738
2007-06-01,brent_gbp_bbl,35.7595
2007-07-01,brent_gbp_bbl,37.7957
2007-08-01,brent_gbp_bbl,35.1889
2007-09-01,brent_gbp_bbl,38.23
2007-10-01,brent_gbp_bbl,40.2643
2007-11-01,brent_gbp_bbl,44.6433
2007-12-01,brent_gbp_bbl,45.1013
2008-01-01,brent_gbp_bbl,46.7906
2008-02-01,brent_gbp_bbl,48.3499
2008-03-01,brent_gbp_bbl,51.7785
2008-04-01,brent_gbp_bbl,55.0367
2008-05-01,brent_gbp_bbl,62.4929
2008-06-01,brent_gbp_bbl,67.2847
2008-07-01,brent_gbp_bbl,66.7316
2008-08-01,brent_gbp_bbl,60.0285
2008-09-01,brent_gbp_bbl,54.0988
2008-10-01,brent_gbp_bbl,42.4469
2008-11-01,brent_gbp_bbl,34.2184
2008-12-01,brent_gbp_bbl,26.8943
2009-01-01,brent_gbp_bbl,30.0388
2009-02-01,brent_gbp_bbl,30.0381
2009-03-01,brent_gbp_bbl,32.8433
2009-04-01,brent_gbp_bbl,34.1073
2009-05-01,brent_gbp_bbl,37.1648
2009-06-01,brent_gbp_bbl,41.9138
2009-07-01,brent_gbp_bbl,39.3471
2009-08-01,brent_gbp_bbl,43.8613
2009-09-01,brent_gbp_bbl,41.4424
2009-10-01,brent_gbp_bbl,44.8845
2009-11-01,brent_gbp_bbl,46.18
2009-12-01,brent_gbp_bbl,45.8897
2010-01-01,brent_gbp_bbl,47.1416
2010-02-01,brent_gbp_bbl,47.2221
2010-03-01,brent_gbp_bbl,52.351
2010-04-01,brent_gbp_bbl,55.3196
2010-05-01,brent_gbp_bbl,51.7751
2010-06-01,brent_gbp_bbl,50.62
2010-07-01,brent_gbp_bbl,49.384
2010-08-01,brent_gbp_bbl,49.19
2010-09-01,brent_gbp_bbl,49.9266
2010-10-01,brent_gbp_bbl,52.0986
2010-11-01,brent_gbp_bbl,53.4279
2010-12-01,brent_gbp_bbl,58.6377
2011-01-01,brent_gbp_bbl,61.1551
2011-02-01,brent_gbp_bbl,64.3271
2011-03-01,brent_gbp_bbl,70.9507
2011-04-01,brent_gbp_bbl,75.2502
2011-05-01,brent_gbp_bbl,70.4084
2011-06-01,brent_gbp_bbl,70.1876
2011-07-01,brent_gbp_bbl,72.3927
2011-08-01,brent_gbp_bbl,67.3885
2011-09-01,brent_gbp_bbl,71.5455
2011-10-01,brent_gbp_bbl,69.4766
2011-11-01,brent_gbp_bbl,70.0842
2011-12-01,brent_gbp_bbl,69.2094
2012-01-01,brent_gbp_bbl,71.3065
2012-02-01,brent_gbp_bbl,75.512
2012-03-01,brent_gbp_bbl,79.2844
2012-04-01,brent_gbp_bbl,74.8438
2012-05-01,brent_gbp_bbl,69.2935
2012-06-01,brent_gbp_bbl,61.1688
2012-07-01,brent_gbp_bbl,65.8102
2012-08-01,brent_gbp_bbl,72.1083
2012-09-01,brent_gbp_bbl,69.9845
2012-10-01,brent_gbp_bbl,69.4724
2012-11-01,brent_gbp_bbl,68.3043
2012-12-01,brent_gbp_bbl,67.8181
2013-01-01,brent_gbp_bbl,70.7581
2013-02-01,brent_gbp_bbl,74.9915
2013-03-01,brent_gbp_bbl,71.9265
2013-04-01,brent_gbp_bbl,66.7795
2013-05-01,brent_gbp_bbl,67.0435
2013-06-01,brent_gbp_bbl,66.4349
2013-07-01,brent_gbp_bbl,71.1043
2013-08-01,brent_gbp_bbl,71.7756
2013-09-01,brent_gbp_bbl,70.2522
2013-10-01,brent_gbp_bbl,67.7605
2013-11-01,brent_gbp_bbl,66.9484
2013-12-01,brent_gbp_bbl,67.6079
2014-01-01,brent_gbp_bbl,65.6505
2014-02-01,brent_gbp_bbl,65.7647
2014-03-01,brent_gbp_bbl,64.6492
2014-04-01,brent_gbp_bbl,64.3435
2014-05-01,brent_gbp_bbl,65.0449
2014-06-01,brent_gbp_bbl,66.1185
2014-07-01,brent_gbp_bbl,62.5672
2014-08-01,brent_gbp_bbl,60.8441
2014-09-01,brent_gbp_bbl,59.6036
2014-10-01,brent_gbp_bbl,54.3902
2014-11-01,brent_gbp_bbl,50.3729
2014-12-01,brent_gbp_bbl,39.8477
2015-01-01,brent_gbp_bbl,31.5407
2015-02-01,brent_gbp_bbl,37.9044
2015-03-01,brent_gbp_bbl,37.3625
2015-04-01,brent_gbp_bbl,39.7653
2015-05-01,brent_gbp_bbl,41.4598
2015-06-01,brent_gbp_bbl,39.4702
2015-07-01,brent_gbp_bbl,36.3511
2015-08-01,brent_gbp_bbl,29.8612
2015-09-01,brent_gbp_bbl,31.0482
2015-10-01,brent_gbp_bbl,31.5667
2015-11-01,brent_gbp_bbl,29.1385
2015-12-01,brent_gbp_bbl,25.3717
2016-01-01,brent_gbp_bbl,21.3304
2016-02-01,brent_gbp_bbl,22.5196
2016-03-01,brent_gbp_bbl,26.8158
2016-04-01,brent_gbp_bbl,29.0395
2016-05-01,brent_gbp_bbl,32.1805
2016-06-01,brent_gbp_bbl,33.9873
2016-07-01,brent_gbp_bbl,34.2249
2016-08-01,brent_gbp_bbl,34.9897
2016-09-01,brent_gbp_bbl,35.4398
2016-10-01,brent_gbp_bbl,40.1607
2016-11-01,brent_gbp_bbl,35.9808
2016-12-01,brent_gbp_bbl,42.7066
2017-01-01,brent_gbp_bbl,44.1334
2017-02-01,brent_gbp_bbl,43.9125
2017-03-01,brent_gbp_bbl,41.7827
2017-04-01,brent_gbp_bbl,41.3877
2017-05-01,brent_gbp_bbl,38.9303
2017-06-01,brent_gbp_bbl,36.1964
2017-07-01,brent_gbp_bbl,37.3054
2017-08-01,brent_gbp_bbl,39.9176
2017-09-01,brent_gbp_bbl,42.09
2017-10-01,brent_gbp_bbl,43.5638
2017-11-01,brent_gbp_bbl,47.4464
2017-12-01,brent_gbp_bbl,48.02
2018-01-01,brent_gbp_bbl,49.9725
2018-02-01,brent_gbp_bbl,46.7887
2018-03-01,brent_gbp_bbl,47.2373
2018-04-01,brent_gbp_bbl,51.2197
2018-05-01,brent_gbp_bbl,57.15
2018-06-01,brent_gbp_bbl,55.9712
2018-07-01,brent_gbp_bbl,56.4152
2018-08-01,brent_gbp_bbl,56.3195
2018-09-01,brent_gbp_bbl,60.3745
2018-10-01,brent_gbp_bbl,62.2716
2018-11-01,brent_gbp_bbl,50.1942
2018-12-01,brent_gbp_bbl,45.2915
2019-01-01,brent_gbp_bbl,46.0487
2019-02-01,brent_gbp_bbl,49.1405
2019-03-01,brent_gbp_bbl,50.2333
2019-04-01,brent_gbp_bbl,54.669
2019-05-01,brent_gbp_bbl,55.4798
2019-06-01,brent_gbp_bbl,50.6696
2019-07-01,brent_gbp_bbl,51.2958
2019-08-01,brent_gbp_bbl,48.5545
2019-09-01,brent_gbp_bbl,50.7981
2019-10-01,brent_gbp_bbl,47.1769
2019-11-01,brent_gbp_bbl,49.0636
2019-12-01,brent_gbp_bbl,51.3441
2020-01-01,brent_gbp_bbl,48.6795
2020-02-01,brent_gbp_bbl,42.9695
2020-03-01,brent_gbp_bbl,25.8801
2020-04-01,brent_gbp_bbl,14.7996
2020-05-01,brent_gbp_bbl,23.883
2020-06-01,brent_gbp_bbl,32.1556
2020-07-01,brent_gbp_bbl,34.0429
2020-08-01,brent_gbp_bbl,34.0427
2020-09-01,brent_gbp_bbl,31.5989
2020-10-01,brent_gbp_bbl,30.9624
2020-11-01,brent_gbp_bbl,32.3462
2020-12-01,brent_gbp_bbl,37.2126
2021-01-01,brent_gbp_bbl,40.1519
2021-02-01,brent_gbp_bbl,44.9101
2021-03-01,brent_gbp_bbl,47.1802
2021-04-01,brent_gbp_bbl,46.8123
2021-05-01,brent_gbp_bbl,48.6563
2021-06-01,brent_gbp_bbl,52.1631
2021-07-01,brent_gbp_bbl,54.4381
2021-08-01,brent_gbp_bbl,51.2796
2021-09-01,brent_gbp_bbl,54.2436
2021-10-01,brent_gbp_bbl,60.9758
2021-11-01,brent_gbp_bbl,60.2039
2021-12-01,brent_gbp_bbl,55.7536
2022-01-01,brent_gbp_bbl,63.8184
2022-02-01,brent_gbp_bbl,71.7402
2022-03-01,brent_gbp_bbl,89.0396
2022-04-01,brent_gbp_bbl,80.8613
2022-05-01,brent_gbp_bbl,91.1254
2022-06-01,brent_gbp_bbl,99.6037
2022-07-01,brent_gbp_bbl,93.372
2022-08-01,brent_gbp_bbl,83.8255
2022-09-01,brent_gbp_bbl,79.294
2022-10-01,brent_gbp_bbl,82.3637
2022-11-01,brent_gbp_bbl,77.9538
2022-12-01,brent_gbp_bbl,66.4353
2023-01-01,brent_gbp_bbl,67.419
2023-02-01,brent_gbp_bbl,68.3432
2023-03-01,brent_gbp_bbl,64.6185
2023-04-01,brent_gbp_bbl,68.0082
2023-05-01,brent_gbp_bbl,60.4515
2023-06-01,brent_gbp_bbl,59.2733
2023-07-01,brent_gbp_bbl,62.1333
2023-08-01,brent_gbp_bbl,67.8
2023-09-01,brent_gbp_bbl,75.6976
2023-10-01,brent_gbp_bbl,74.4188
2023-11-01,brent_gbp_bbl,66.6921
2023-12-01,brent_gbp_bbl,61.3355
2024-01-01,brent_gbp_bbl,63.0785
2024-02-01,brent_gbp_bbl,66.0995
2024-03-01,brent_gbp_bbl,67.1835
2024-04-01,brent_gbp_bbl,71.8531
2024-05-01,brent_gbp_bbl,64.697
2024-06-01,brent_gbp_bbl,64.6814
2024-07-01,brent_gbp_bbl,66.1616
2024-08-01,brent_gbp_bbl,62.0781
2024-09-01,brent_gbp_bbl,55.9961
2024-10-01,brent_gbp_bbl,57.9855
2024-11-01,brent_gbp_bbl,58.3722
2024-12-01,brent_gbp_bbl,58.4011
2025-01-01,brent_gbp_bbl,64.1691
2025-02-01,brent_gbp_bbl,60.1483
2025-03-01,brent_gbp_bbl,56.3221
2025-04-01,brent_gbp_bbl,51.8333
2025-05-01,brent_gbp_bbl,48.2473
2025-06-01,brent_gbp_bbl,52.6156
2025-07-01,brent_gbp_bbl,52.662
2025-08-01,brent_gbp_bbl,50.441
2025-09-01,brent_gbp_bbl,50.3398
2025-10-01,brent_gbp_bbl,48.3211
2025-11-01,brent_gbp_bbl,48.5582
2025-12-01,brent_gbp_bbl,46.7174
2026-01-01,brent_gbp_bbl,49.2041
2026-02-01,brent_gbp_bbl,52.2034
2026-03-01,brent_gbp_bbl,77.3166
2026-04-01,brent_gbp_bbl,87.1817
2026-05-01,brent_gbp_bbl,79.38
2026-06-01,brent_gbp_bbl,64.0244
2026-07-01,brent_gbp_bbl,62.5855
2026-08-01,brent_gbp_bbl,67.2353
1987-05-01,brent_usd_bbl,18.58
1987-06-01,brent_usd_bbl,18.86
1987-07-01,brent_usd_bbl,19.86
1987-08-01,brent_usd_bbl,18.98
1987-09-01,brent_usd_bbl,18.31
1987-10-01,brent_usd_bbl,18.76
1987-11-01,brent_usd_bbl,17.78
1987-12-01,brent_usd_bbl,17.05
1988-01-01,brent_usd_bbl,16.75
1988-02-01,brent_usd_bbl,15.73
1988-03-01,brent_usd_bbl,14.73
1988-04-01,brent_usd_bbl,16.6
1988-05-01,brent_usd_bbl,16.31
1988-06-01,brent_usd_bbl,15.54
1988-07-01,brent_usd_bbl,14.91
1988-08-01,brent_usd_bbl,14.89
1988-09-01,brent_usd_bbl,13.18
1988-10-01,brent_usd_bbl,12.41
1988-11-01,brent_usd_bbl,13.02
1988-12-01,brent_usd_bbl,15.31
1989-01-01,brent_usd_bbl,17.17
1989-02-01,brent_usd_bbl,16.89
1989-03-01,brent_usd_bbl,18.7
1989-04-01,brent_usd_bbl,20.32
1989-05-01,brent_usd_bbl,18.63
1989-06-01,brent_usd_bbl,17.67
1989-07-01,brent_usd_bbl,17.62
1989-08-01,brent_usd_bbl,16.77
1989-09-01,brent_usd_bbl,17.77
1989-10-01,brent_usd_bbl,18.91
1989-11-01,brent_usd_bbl,18.73
1989-12-01,brent_usd_bbl,19.84
1990-01-01,brent_usd_bbl,21.25
1990-02-01,brent_usd_bbl,19.81
1990-03-01,brent_usd_bbl,18.39
1990-04-01,brent_usd_bbl,16.61
1990-05-01,brent_usd_bbl,16.35
1990-06-01,brent_usd_bbl,15.1
1990-07-01,brent_usd_bbl,17.17
1990-08-01,brent_usd_bbl,27.17
1990-09-01,brent_usd_bbl,34.9
1990-10-01,brent_usd_bbl,36.02
1990-11-01,brent_usd_bbl,33.07
1990-12-01,brent_usd_bbl,28.27
1991-01-01,brent_usd_bbl,23.57
1991-02-01,brent_usd_bbl,19.54
1991-03-01,brent_usd_bbl,19.08
1991-04-01,brent_usd_bbl,19.18
1991-05-01,brent_usd_bbl,19.19
1991-06-01,brent_usd_bbl,18.17
1991-07-01,brent_usd_bbl,19.4
1991-08-01,brent_usd_bbl,19.77
1991-09-01,brent_usd_bbl,20.5
1991-10-01,brent_usd_bbl,22.21
1991-11-01,brent_usd_bbl,21.11
1991-12-01,brent_usd_bbl,18.41
1992-01-01,brent_usd_bbl,18.16
1992-02-01,brent_usd_bbl,18.05
1992-03-01,brent_usd_bbl,17.63
1992-04-01,brent_usd_bbl,18.92
1992-05-01,brent_usd_bbl,19.89
1992-06-01,brent_usd_bbl,21.16
1992-07-01,brent_usd_bbl,20.24
1992-08-01,brent_usd_bbl,19.74
1992-09-01,brent_usd_bbl,20.27
1992-10-01,brent_usd_bbl,20.26
1992-11-01,brent_usd_bbl,19.21
1992-12-01,brent_usd_bbl,18.14
1993-01-01,brent_usd_bbl,17.39
1993-02-01,brent_usd_bbl,18.47
1993-03-01,brent_usd_bbl,18.79
1993-04-01,brent_usd_bbl,18.67
1993-05-01,brent_usd_bbl,18.51
1993-06-01,brent_usd_bbl,17.65
1993-07-01,brent_usd_bbl,16.78
1993-08-01,brent_usd_bbl,16.7
1993-09-01,brent_usd_bbl,16.01
1993-10-01,brent_usd_bbl,16.61
1993-11-01,brent_usd_bbl,15.2
1993-12-01,brent_usd_bbl,13.73
1994-01-01,brent_usd_bbl,14.29
1994-02-01,brent_usd_bbl,13.8
1994-03-01,brent_usd_bbl,13.82
1994-04-01,brent_usd_bbl,15.23
1994-05-01,brent_usd_bbl,16.19
1994-06-01,brent_usd_bbl,16.76
1994-07-01,brent_usd_bbl,17.6
1994-08-01,brent_usd_bbl,16.89
1994-09-01,brent_usd_bbl,15.9
1994-10-01,brent_usd_bbl,16.49
1994-11-01,brent_usd_bbl,17.19
1994-12-01,brent_usd_bbl,15.93
1995-01-01,brent_usd_bbl,16.55
1995-02-01,brent_usd_bbl,17.11
1995-03-01,brent_usd_bbl,17.01
1995-04-01,brent_usd_bbl,18.65
1995-05-01,brent_usd_bbl,18.35
1995-06-01,brent_usd_bbl,17.31
1995-07-01,brent_usd_bbl,15.85
1995-08-01,brent_usd_bbl,16.1
1995-09-01,brent_usd_bbl,16.7
1995-10-01,brent_usd_bbl,16.11
1995-11-01,brent_usd_bbl,16.86
1995-12-01,brent_usd_bbl,17.93
1996-01-01,brent_usd_bbl,17.85
1996-02-01,brent_usd_bbl,18.0
1996-03-01,brent_usd_bbl,19.85
1996-04-01,brent_usd_bbl,20.9
1996-05-01,brent_usd_bbl,19.15
1996-06-01,brent_usd_bbl,18.46
1996-07-01,brent_usd_bbl,19.57
1996-08-01,brent_usd_bbl,20.51
1996-09-01,brent_usd_bbl,22.63
1996-10-01,brent_usd_bbl,24.16
1996-11-01,brent_usd_bbl,22.76
1996-12-01,brent_usd_bbl,23.78
1997-01-01,brent_usd_bbl,23.54
1997-02-01,brent_usd_bbl,20.85
1997-03-01,brent_usd_bbl,19.13
1997-04-01,brent_usd_bbl,17.56
1997-05-01,brent_usd_bbl,19.02
1997-06-01,brent_usd_bbl,17.58
1997-07-01,brent_usd_bbl,18.46
1997-08-01,brent_usd_bbl,18.6
1997-09-01,brent_usd_bbl,18.46
1997-10-01,brent_usd_bbl,19.87
1997-11-01,brent_usd_bbl,19.17
1997-12-01,brent_usd_bbl,17.18
1998-01-01,brent_usd_bbl,15.19
1998-02-01,brent_usd_bbl,14.07
1998-03-01,brent_usd_bbl,13.1
1998-04-01,brent_usd_bbl,13.53
1998-05-01,brent_usd_bbl,14.36
1998-06-01,brent_usd_bbl,12.21
1998-07-01,brent_usd_bbl,12.08
1998-08-01,brent_usd_bbl,11.91
1998-09-01,brent_usd_bbl,13.34
1998-10-01,brent_usd_bbl,12.7
1998-11-01,brent_usd_bbl,11.04
1998-12-01,brent_usd_bbl,9.82
1999-01-01,brent_usd_bbl,11.11
1999-02-01,brent_usd_bbl,10.27
1999-03-01,brent_usd_bbl,12.51
1999-04-01,brent_usd_bbl,15.29
1999-05-01,brent_usd_bbl,15.23
1999-06-01,brent_usd_bbl,15.86
1999-07-01,brent_usd_bbl,19.08
1999-08-01,brent_usd_bbl,20.22
1999-09-01,brent_usd_bbl,22.54
1999-10-01,brent_usd_bbl,22.0
1999-11-01,brent_usd_bbl,24.58
1999-12-01,brent_usd_bbl,25.47
2000-01-01,brent_usd_bbl,25.51
2000-02-01,brent_usd_bbl,27.78
2000-03-01,brent_usd_bbl,27.49
2000-04-01,brent_usd_bbl,22.76
2000-05-01,brent_usd_bbl,27.74
2000-06-01,brent_usd_bbl,29.8
2000-07-01,brent_usd_bbl,28.68
2000-08-01,brent_usd_bbl,30.2
2000-09-01,brent_usd_bbl,33.14
2000-10-01,brent_usd_bbl,30.96
2000-11-01,brent_usd_bbl,32.55
2000-12-01,brent_usd_bbl,25.66
2001-01-01,brent_usd_bbl,25.62
2001-02-01,brent_usd_bbl,27.5
2001-03-01,brent_usd_bbl,24.5
2001-04-01,brent_usd_bbl,25.66
2001-05-01,brent_usd_bbl,28.31
2001-06-01,brent_usd_bbl,27.85
2001-07-01,brent_usd_bbl,24.61
2001-08-01,brent_usd_bbl,25.68
2001-09-01,brent_usd_bbl,25.62
2001-10-01,brent_usd_bbl,20.54
2001-11-01,brent_usd_bbl,18.8
2001-12-01,brent_usd_bbl,18.71
2002-01-01,brent_usd_bbl,19.42
2002-02-01,brent_usd_bbl,20.28
2002-03-01,brent_usd_bbl,23.7
2002-04-01,brent_usd_bbl,25.73
2002-05-01,brent_usd_bbl,25.35
2002-06-01,brent_usd_bbl,24.08
2002-07-01,brent_usd_bbl,25.74
2002-08-01,brent_usd_bbl,26.65
2002-09-01,brent_usd_bbl,28.4
2002-10-01,brent_usd_bbl,27.54
2002-11-01,brent_usd_bbl,24.34
2002-12-01,brent_usd_bbl,28.33
2003-01-01,brent_usd_bbl,31.18
2003-02-01,brent_usd_bbl,32.77
2003-03-01,brent_usd_bbl,30.61
2003-04-01,brent_usd_bbl,25.0
2003-05-01,brent_usd_bbl,25.86
2003-06-01,brent_usd_bbl,27.65
2003-07-01,brent_usd_bbl,28.35
2003-08-01,brent_usd_bbl,29.89
2003-09-01,brent_usd_bbl,27.11
2003-10-01,brent_usd_bbl,29.61
2003-11-01,brent_usd_bbl,28.75
2003-12-01,brent_usd_bbl,29.81
2004-01-01,brent_usd_bbl,31.28
2004-02-01,brent_usd_bbl,30.86
2004-03-01,brent_usd_bbl,33.63
2004-04-01,brent_usd_bbl,33.59
2004-05-01,brent_usd_bbl,37.57
2004-06-01,brent_usd_bbl,35.18
2004-07-01,brent_usd_bbl,38.22
2004-08-01,brent_usd_bbl,42.74
2004-09-01,brent_usd_bbl,43.2
2004-10-01,brent_usd_bbl,49.78
2004-11-01,brent_usd_bbl,43.11
2004-12-01,brent_usd_bbl,39.6
2005-01-01,brent_usd_bbl,44.51
2005-02-01,brent_usd_bbl,45.48
2005-03-01,brent_usd_bbl,53.1
2005-04-01,brent_usd_bbl,51.88
2005-05-01,brent_usd_bbl,48.65
2005-06-01,brent_usd_bbl,54.35
2005-07-01,brent_usd_bbl,57.52
2005-08-01,brent_usd_bbl,63.98
2005-09-01,brent_usd_bbl,62.91
2005-10-01,brent_usd_bbl,58.54
2005-11-01,brent_usd_bbl,55.24
2005-12-01,brent_usd_bbl,56.86
2006-01-01,brent_usd_bbl,62.99
2006-02-01,brent_usd_bbl,60.21
2006-03-01,brent_usd_bbl,62.06
2006-04-01,brent_usd_bbl,70.26
2006-05-01,brent_usd_bbl,69.78
2006-06-01,brent_usd_bbl,68.56
2006-07-01,brent_usd_bbl,73.67
2006-08-01,brent_usd_bbl,73.23
2006-09-01,brent_usd_bbl,61.96
2006-10-01,brent_usd_bbl,57.81
2006-11-01,brent_usd_bbl,58.76
2006-12-01,brent_usd_bbl,62.47
2007-01-01,brent_usd_bbl,53.68
2007-02-01,brent_usd_bbl,57.56
2007-03-01,brent_usd_bbl,62.05
2007-04-01,brent_usd_bbl,67.49
2007-05-01,brent_usd_bbl,67.21
2007-06-01,brent_usd_bbl,71.05
2007-07-01,brent_usd_bbl,76.93
2007-08-01,brent_usd_bbl,70.76
2007-09-01,brent_usd_bbl,77.17
2007-10-01,brent_usd_bbl,82.34
2007-11-01,brent_usd_bbl,92.41
2007-12-01,brent_usd_bbl,90.93
2008-01-01,brent_usd_bbl,92.18
2008-02-01,brent_usd_bbl,94.99
2008-03-01,brent_usd_bbl,103.64
2008-04-01,brent_usd_bbl,109.07
2008-05-01,brent_usd_bbl,122.8
2008-06-01,brent_usd_bbl,132.32
2008-07-01,brent_usd_bbl,132.72
2008-08-01,brent_usd_bbl,113.24
2008-09-01,brent_usd_bbl,97.23
2008-10-01,brent_usd_bbl,71.58
2008-11-01,brent_usd_bbl,52.45
2008-12-01,brent_usd_bbl,39.95
2009-01-01,brent_usd_bbl,43.44
2009-02-01,brent_usd_bbl,43.32
2009-03-01,brent_usd_bbl,46.54
2009-04-01,brent_usd_bbl,50.18
2009-05-01,brent_usd_bbl,57.3
2009-06-01,brent_usd_bbl,68.61
2009-07-01,brent_usd_bbl,64.44
2009-08-01,brent_usd_bbl,72.51
2009-09-01,brent_usd_bbl,67.65
2009-10-01,brent_usd_bbl,72.77
2009-11-01,brent_usd_bbl,76.66
2009-12-01,brent_usd_bbl,74.46
2010-01-01,brent_usd_bbl,76.17
2010-02-01,brent_usd_bbl,73.75
2010-03-01,brent_usd_bbl,78.83
2010-04-01,brent_usd_bbl,84.82
2010-05-01,brent_usd_bbl,75.95
2010-06-01,brent_usd_bbl,74.76
2010-07-01,brent_usd_bbl,75.58
2010-08-01,brent_usd_bbl,77.04
2010-09-01,brent_usd_bbl,77.84
2010-10-01,brent_usd_bbl,82.67
2010-11-01,brent_usd_bbl,85.28
2010-12-01,brent_usd_bbl,91.45
2011-01-01,brent_usd_bbl,96.52
2011-02-01,brent_usd_bbl,103.72
2011-03-01,brent_usd_bbl,114.64
2011-04-01,brent_usd_bbl,123.26
2011-05-01,brent_usd_bbl,114.99
2011-06-01,brent_usd_bbl,113.83
2011-07-01,brent_usd_bbl,116.97
2011-08-01,brent_usd_bbl,110.22
2011-09-01,brent_usd_bbl,112.83
2011-10-01,brent_usd_bbl,109.55
2011-11-01,brent_usd_bbl,110.77
2011-12-01,brent_usd_bbl,107.87
2012-01-01,brent_usd_bbl,110.69
2012-02-01,brent_usd_bbl,119.33
2012-03-01,brent_usd_bbl,125.45
2012-04-01,brent_usd_bbl,119.75
2012-05-01,brent_usd_bbl,110.34
2012-06-01,brent_usd_bbl,95.16
2012-07-01,brent_usd_bbl,102.62
2012-08-01,brent_usd_bbl,113.36
2012-09-01,brent_usd_bbl,112.86
2012-10-01,brent_usd_bbl,111.71
2012-11-01,brent_usd_bbl,109.06
2012-12-01,brent_usd_bbl,109.49
2013-01-01,brent_usd_bbl,112.96
2013-02-01,brent_usd_bbl,116.05
2013-03-01,brent_usd_bbl,108.47
2013-04-01,brent_usd_bbl,102.25
2013-05-01,brent_usd_bbl,102.56
2013-06-01,brent_usd_bbl,102.92
2013-07-01,brent_usd_bbl,107.93
2013-08-01,brent_usd_bbl,111.28
2013-09-01,brent_usd_bbl,111.6
2013-10-01,brent_usd_bbl,109.08
2013-11-01,brent_usd_bbl,107.79
2013-12-01,brent_usd_bbl,110.76
2014-01-01,brent_usd_bbl,108.12
2014-02-01,brent_usd_bbl,108.9
2014-03-01,brent_usd_bbl,107.48
2014-04-01,brent_usd_bbl,107.76
2014-05-01,brent_usd_bbl,109.54
2014-06-01,brent_usd_bbl,111.8
2014-07-01,brent_usd_bbl,106.77
2014-08-01,brent_usd_bbl,101.61
2014-09-01,brent_usd_bbl,97.09
2014-10-01,brent_usd_bbl,87.43
2014-11-01,brent_usd_bbl,79.44
2014-12-01,brent_usd_bbl,62.34
2015-01-01,brent_usd_bbl,47.76
2015-02-01,brent_usd_bbl,58.1
2015-03-01,brent_usd_bbl,55.89
2015-04-01,brent_usd_bbl,59.52
2015-05-01,brent_usd_bbl,64.08
2015-06-01,brent_usd_bbl,61.48
2015-07-01,brent_usd_bbl,56.56
2015-08-01,brent_usd_bbl,46.52
2015-09-01,brent_usd_bbl,47.62
2015-10-01,brent_usd_bbl,48.43
2015-11-01,brent_usd_bbl,44.27
2015-12-01,brent_usd_bbl,38.01
2016-01-01,brent_usd_bbl,30.7
2016-02-01,brent_usd_bbl,32.18
2016-03-01,brent_usd_bbl,38.21
2016-04-01,brent_usd_bbl,41.58
2016-05-01,brent_usd_bbl,46.74
2016-06-01,brent_usd_bbl,48.25
2016-07-01,brent_usd_bbl,44.95
2016-08-01,brent_usd_bbl,45.84
2016-09-01,brent_usd_bbl,46.57
2016-10-01,brent_usd_bbl,49.52
2016-11-01,brent_usd_bbl,44.73
2016-12-01,brent_usd_bbl,53.31
2017-01-01,brent_usd_bbl,54.58
2017-02-01,brent_usd_bbl,54.87
2017-03-01,brent_usd_bbl,51.59
2017-04-01,brent_usd_bbl,52.31
2017-05-01,brent_usd_bbl,50.33
2017-06-01,brent_usd_bbl,46.37
2017-07-01,brent_usd_bbl,48.48
2017-08-01,brent_usd_bbl,51.7
2017-09-01,brent_usd_bbl,56.15
2017-10-01,brent_usd_bbl,57.51
2017-11-01,brent_usd_bbl,62.71
2017-12-01,brent_usd_bbl,64.37
2018-01-01,brent_usd_bbl,69.08
2018-02-01,brent_usd_bbl,65.32
2018-03-01,brent_usd_bbl,66.02
2018-04-01,brent_usd_bbl,72.11
2018-05-01,brent_usd_bbl,76.98
2018-06-01,brent_usd_bbl,74.41
2018-07-01,brent_usd_bbl,74.25
2018-08-01,brent_usd_bbl,72.53
2018-09-01,brent_usd_bbl,78.89
2018-10-01,brent_usd_bbl,81.03
2018-11-01,brent_usd_bbl,64.75
2018-12-01,brent_usd_bbl,57.36
2019-01-01,brent_usd_bbl,59.41
2019-02-01,brent_usd_bbl,63.96
2019-03-01,brent_usd_bbl,66.14
2019-04-01,brent_usd_bbl,71.23
2019-05-01,brent_usd_bbl,71.32
2019-06-01,brent_usd_bbl,64.22
2019-07-01,brent_usd_bbl,63.92
2019-08-01,brent_usd_bbl,59.04
2019-09-01,brent_usd_bbl,62.83
2019-10-01,brent_usd_bbl,59.71
2019-11-01,brent_usd_bbl,63.21
2019-12-01,brent_usd_bbl,67.31
2020-01-01,brent_usd_bbl,63.65
2020-02-01,brent_usd_bbl,55.66
2020-03-01,brent_usd_bbl,32.01
2020-04-01,brent_usd_bbl,18.38
2020-05-01,brent_usd_bbl,29.38
2020-06-01,brent_usd_bbl,40.27
2020-07-01,brent_usd_bbl,43.24
2020-08-01,brent_usd_bbl,44.74
2020-09-01,brent_usd_bbl,40.91
2020-10-01,brent_usd_bbl,40.19
2020-11-01,brent_usd_bbl,42.69
2020-12-01,brent_usd_bbl,49.99
2021-01-01,brent_usd_bbl,54.77
2021-02-01,brent_usd_bbl,62.28
2021-03-01,brent_usd_bbl,65.41
2021-04-01,brent_usd_bbl,64.81
2021-05-01,brent_usd_bbl,68.53
2021-06-01,brent_usd_bbl,73.16
2021-07-01,brent_usd_bbl,75.17
2021-08-01,brent_usd_bbl,70.75
2021-09-01,brent_usd_bbl,74.49
2021-10-01,brent_usd_bbl,83.54
2021-11-01,brent_usd_bbl,81.05
2021-12-01,brent_usd_bbl,74.17
2022-01-01,brent_usd_bbl,86.51
2022-02-01,brent_usd_bbl,97.13
2022-03-01,brent_usd_bbl,117.25
2022-04-01,brent_usd_bbl,104.58
2022-05-01,brent_usd_bbl,113.34
2022-06-01,brent_usd_bbl,122.71
2022-07-01,brent_usd_bbl,111.93
2022-08-01,brent_usd_bbl,100.45
2022-09-01,brent_usd_bbl,89.76
2022-10-01,brent_usd_bbl,93.33
2022-11-01,brent_usd_bbl,91.42
2022-12-01,brent_usd_bbl,80.92
2023-01-01,brent_usd_bbl,82.5
2023-02-01,brent_usd_bbl,82.59
2023-03-01,brent_usd_bbl,78.43
2023-04-01,brent_usd_bbl,84.64
2023-05-01,brent_usd_bbl,75.47
2023-06-01,brent_usd_bbl,74.84
2023-07-01,brent_usd_bbl,80.11
2023-08-01,brent_usd_bbl,86.15
2023-09-01,brent_usd_bbl,93.72
2023-10-01,brent_usd_bbl,90.6
2023-11-01,brent_usd_bbl,82.94
2023-12-01,brent_usd_bbl,77.63
2024-01-01,brent_usd_bbl,80.12
2024-02-01,brent_usd_bbl,83.48
2024-03-01,brent_usd_bbl,85.41
2024-04-01,brent_usd_bbl,89.94
2024-05-01,brent_usd_bbl,81.75
2024-06-01,brent_usd_bbl,82.25
2024-07-01,brent_usd_bbl,85.15
2024-08-01,brent_usd_bbl,80.36
2024-09-01,brent_usd_bbl,74.02
2024-10-01,brent_usd_bbl,75.63
2024-11-01,brent_usd_bbl,74.35
2024-12-01,brent_usd_bbl,73.86
2025-01-01,brent_usd_bbl,79.27
2025-02-01,brent_usd_bbl,75.44
2025-03-01,brent_usd_bbl,72.73
2025-04-01,brent_usd_bbl,68.13
2025-05-01,brent_usd_bbl,64.45
2025-06-01,brent_usd_bbl,71.44
2025-07-01,brent_usd_bbl,71.04
2025-08-01,brent_usd_bbl,67.87
2025-09-01,brent_usd_bbl,67.99
2025-10-01,brent_usd_bbl,64.54
2025-11-01,brent_usd_bbl,63.8
2025-12-01,brent_usd_bbl,62.54
2026-01-01,brent_usd_bbl,66.6
2026-02-01,brent_usd_bbl,70.89
2026-03-01,brent_usd_bbl,103.13
2026-04-01,brent_usd_bbl,117.29
2026-05-01,brent_usd_bbl,107.14
2026-06-01,brent_usd_bbl,85.4
2026-07-01,brent_usd_bbl,83.76
2026-08-01,brent_usd_bbl,91.08
1984-03-01,gilt_10y_pct,10.9817
1984-06-01,gilt_10y_pct,11.5721
1984-09-01,gilt_10y_pct,11.9866
1984-12-01,gilt_10y_pct,11.1937
1985-03-01,gilt_10y_pct,11.6959
1985-06-01,gilt_10y_pct,11.3342
1985-09-01,gilt_10y_pct,10.8519
1985-12-01,gilt_10y_pct,10.7861
1986-03-01,gilt_10y_pct,10.7366
1986-06-01,gilt_10y_pct,9.1066
1986-09-01,gilt_10y_pct,9.8473
1986-12-01,gilt_10y_pct,11.1436
1987-03-01,gilt_10y_pct,9.9135
1987-06-01,gilt_10y_pct,9.144
1987-09-01,gilt_10y_pct,10.008
1987-12-01,gilt_10y_pct,9.779
1988-03-01,gilt_10y_pct,9.6146
1988-06-01,gilt_10y_pct,9.5053
1988-09-01,gilt_10y_pct,10.0487
1988-12-01,gilt_10y_pct,9.9923
1989-03-01,gilt_10y_pct,9.9431
1989-06-01,gilt_10y_pct,10.3844
1989-09-01,gilt_10y_pct,10.1543
1989-12-01,gilt_10y_pct,10.5856
1990-03-01,gilt_10y_pct,11.5444
1990-06-01,gilt_10y_pct,12.1725
1990-09-01,gilt_10y_pct,11.9184
1990-12-01,gilt_10y_pct,11.27
1991-03-01,gilt_10y_pct,10.3594
1991-06-01,gilt_10y_pct,10.4031
1991-09-01,gilt_10y_pct,10.0204
1991-12-01,gilt_10y_pct,9.7633
1992-03-01,gilt_10y_pct,9.534
1992-06-01,gilt_10y_pct,9.2368
1992-09-01,gilt_10y_pct,9.2197
1992-12-01,gilt_10y_pct,8.4937
1993-03-01,gilt_10y_pct,8.0831
1993-06-01,gilt_10y_pct,8.0837
1993-09-01,gilt_10y_pct,7.3236
1993-12-01,gilt_10y_pct,6.7783
1994-03-01,gilt_10y_pct,6.8781
1994-06-01,gilt_10y_pct,8.2991
1994-09-01,gilt_10y_pct,8.6962
1994-12-01,gilt_10y_pct,8.6666
1995-03-01,gilt_10y_pct,8.6595
1995-06-01,gilt_10y_pct,8.2308
1995-09-01,gilt_10y_pct,8.1091
1995-12-01,gilt_10y_pct,7.8023
1996-03-01,gilt_10y_pct,7.7483
1996-06-01,gilt_10y_pct,8.0674
1996-09-01,gilt_10y_pct,7.8531
1996-12-01,gilt_10y_pct,7.5685
1997-03-01,gilt_10y_pct,7.4061
1997-06-01,gilt_10y_pct,7.3234
1997-09-01,gilt_10y_pct,6.9875
1997-12-01,gilt_10y_pct,6.5013
1998-03-01,gilt_10y_pct,6.0444
1998-06-01,gilt_10y_pct,5.8191
1998-09-01,gilt_10y_pct,5.521
1998-12-01,gilt_10y_pct,4.8223
1999-03-01,gilt_10y_pct,4.4674
1999-06-01,gilt_10y_pct,4.8991
1999-09-01,gilt_10y_pct,5.4991
1999-12-01,gilt_10y_pct,5.5267
2000-03-01,gilt_10y_pct,5.5986
2000-06-01,gilt_10y_pct,5.3093
2000-09-01,gilt_10y_pct,5.3193
2000-12-01,gilt_10y_pct,5.0838
2001-03-01,gilt_10y_pct,4.7906
2001-06-01,gilt_10y_pct,5.0903
2001-09-01,gilt_10y_pct,5.0611
2001-12-01,gilt_10y_pct,4.7772
2002-03-01,gilt_10y_pct,5.0175
2002-06-01,gilt_10y_pct,5.2065
2002-09-01,gilt_10y_pct,4.7575
2002-12-01,gilt_10y_pct,4.607
2003-03-01,gilt_10y_pct,4.3119
2003-06-01,gilt_10y_pct,4.2637
2003-09-01,gilt_10y_pct,4.5715
2003-12-01,gilt_10y_pct,4.9528
2004-03-01,gilt_10y_pct,4.7649
2004-06-01,gilt_10y_pct,5.0929
2004-09-01,gilt_10y_pct,5.0088
2004-12-01,gilt_10y_pct,4.6639
2005-03-01,gilt_10y_pct,4.6446
2005-06-01,gilt_10y_pct,4.4392
2005-09-01,gilt_10y_pct,4.2786
2005-12-01,gilt_10y_pct,4.2947
2006-03-01,gilt_10y_pct,4.187
2006-06-01,gilt_10y_pct,4.6158
2006-09-01,gilt_10y_pct,4.6211
2006-12-01,gilt_10y_pct,4.5922
2007-03-01,gilt_10y_pct,4.8606
2007-06-01,gilt_10y_pct,5.2126
2007-09-01,gilt_10y_pct,5.1897
2007-12-01,gilt_10y_pct,4.7998
2008-03-01,gilt_10y_pct,4.5223
2008-06-01,gilt_10y_pct,4.9037
2008-09-01,gilt_10y_pct,4.7878
2008-12-01,gilt_10y_pct,4.165
2009-03-01,gilt_10y_pct,3.5295
2009-06-01,gilt_10y_pct,3.5872
2009-09-01,gilt_10y_pct,3.7335
2009-12-01,gilt_10y_pct,3.7361
2010-03-01,gilt_10y_pct,4.054
2010-06-01,gilt_10y_pct,3.8196
2010-09-01,gilt_10y_pct,3.2904
2010-12-01,gilt_10y_pct,3.3295
2011-03-01,gilt_10y_pct,3.7799
2011-06-01,gilt_10y_pct,3.5489
2011-09-01,gilt_10y_pct,2.8602
2011-12-01,gilt_10y_pct,2.3362
2012-03-01,gilt_10y_pct,2.2191
2012-06-01,gilt_10y_pct,1.9727
2012-09-01,gilt_10y_pct,1.6814
2012-12-01,gilt_10y_pct,1.7949
2013-03-01,gilt_10y_pct,2.0782
2013-06-01,gilt_10y_pct,2.0069
2013-09-01,gilt_10y_pct,2.6684
2013-12-01,gilt_10y_pct,2.7887
2014-03-01,gilt_10y_pct,2.8376
2014-06-01,gilt_10y_pct,2.7423
2014-09-01,gilt_10y_pct,2.5908
2014-12-01,gilt_10y_pct,2.1151
2015-03-01,gilt_10y_pct,1.7074
2015-06-01,gilt_10y_pct,1.9884
2015-09-01,gilt_10y_pct,2.0016
2015-12-01,gilt_10y_pct,1.9147
2016-03-01,gilt_10y_pct,1.6072
2016-06-01,gilt_10y_pct,1.4684
2016-09-01,gilt_10y_pct,0.8393
2016-12-01,gilt_10y_pct,1.297
2017-03-01,gilt_10y_pct,1.3032
2017-06-01,gilt_10y_pct,1.0942
2017-09-01,gilt_10y_pct,1.2116
2017-12-01,gilt_10y_pct,1.3323
2018-03-01,gilt_10y_pct,1.4982
2018-06-01,gilt_10y_pct,1.4779
2018-09-01,gilt_10y_pct,1.4227
2018-12-01,gilt_10y_pct,1.4452
2019-03-01,gilt_10y_pct,1.2517
2019-06-01,gilt_10y_pct,1.0807
2019-09-01,gilt_10y_pct,0.6737
2019-12-01,gilt_10y_pct,0.7397
2020-03-01,gilt_10y_pct,0.605
2020-06-01,gilt_10y_pct,0.303
2020-09-01,gilt_10y_pct,0.2501
2020-12-01,gilt_10y_pct,0.3368
2021-03-01,gilt_10y_pct,0.6228
2021-06-01,gilt_10y_pct,0.8697
2021-09-01,gilt_10y_pct,0.7158
2021-12-01,gilt_10y_pct,0.9531
2022-03-01,gilt_10y_pct,1.4196
2022-06-01,gilt_10y_pct,2.043
2022-09-01,gilt_10y_pct,2.6528
2022-12-01,gilt_10y_pct,3.6747
2023-03-01,gilt_10y_pct,3.544
2023-06-01,gilt_10y_pct,4.0166
2023-09-01,gilt_10y_pct,4.4634
2023-12-01,gilt_10y_pct,4.2523
2024-03-01,gilt_10y_pct,4.0277
2024-06-01,gilt_10y_pct,4.2021
2024-09-01,gilt_10y_pct,4.0005
2024-12-01,gilt_10y_pct,4.344
2025-03-01,gilt_10y_pct,4.6071
2025-06-01,gilt_10y_pct,4.5664
2025-09-01,gilt_10y_pct,4.6386
2025-12-01,gilt_10y_pct,4.5197
1971-01-01,gold_gbp_oz,15.7966
1971-02-01,gold_gbp_oz,16.1304
1971-03-01,gold_gbp_oz,16.1226
1971-04-01,gold_gbp_oz,16.1304
1971-05-01,gold_gbp_oz,16.9494
1971-06-01,gold_gbp_oz,16.536
1971-07-01,gold_gbp_oz,16.9535
1971-08-01,gold_gbp_oz,17.6601
1971-09-01,gold_gbp_oz,17.01
1971-10-01,gold_gbp_oz,17.2731
1971-11-01,gold_gbp_oz,17.2473
1971-12-01,gold_gbp_oz,17.0194
1972-01-01,gold_gbp_oz,17.894
1972-02-01,gold_gbp_oz,18.4368
1972-03-01,gold_gbp_oz,18.336
1972-04-01,gold_gbp_oz,18.7719
1972-05-01,gold_gbp_oz,21.054
1972-06-01,gold_gbp_oz,24.1304
1972-07-01,gold_gbp_oz,26.994
1972-08-01,gold_gbp_oz,27.3427
1972-09-01,gold_gbp_oz,26.6305
1972-10-01,gold_gbp_oz,27.144
1972-11-01,gold_gbp_oz,26.7939
1972-12-01,gold_gbp_oz,27.296
1973-01-01,gold_gbp_oz,27.586
1973-02-01,gold_gbp_oz,30.488
1973-03-01,gold_gbp_oz,33.978
1973-04-01,gold_gbp_oz,36.6366
1973-05-01,gold_gbp_oz,40.3104
1973-06-01,gold_gbp_oz,46.584
1973-07-01,gold_gbp_oz,47.292
1973-08-01,gold_gbp_oz,43.2173
1973-09-01,gold_gbp_oz,42.5905
1973-10-01,gold_gbp_oz,41.17
1973-11-01,gold_gbp_oz,39.7955
1973-12-01,gold_gbp_oz,46.1705
1974-01-01,gold_gbp_oz,57.9984
1974-02-01,gold_gbp_oz,65.94
1974-03-01,gold_gbp_oz,71.7696
1974-04-01,gold_gbp_oz,72.0164
1974-05-01,gold_gbp_oz,67.5309
1974-06-01,gold_gbp_oz,64.4336
1974-07-01,gold_gbp_oz,59.8455
1974-08-01,gold_gbp_oz,66.0765
1974-09-01,gold_gbp_oz,65.6184
1974-10-01,gold_gbp_oz,68.1474
1974-11-01,gold_gbp_oz,78.2782
1974-12-01,gold_gbp_oz,78.9912
1975-01-01,gold_gbp_oz,74.5008
1975-02-01,gold_gbp_oz,75.132
1975-03-01,gold_gbp_oz,73.6208
1975-04-01,gold_gbp_oz,71.706
1975-05-01,gold_gbp_oz,71.9603
1975-06-01,gold_gbp_oz,71.914
1975-07-01,gold_gbp_oz,75.537
1975-08-01,gold_gbp_oz,77.099
1975-09-01,gold_gbp_oz,69.12
1975-10-01,gold_gbp_oz,69.5266
1975-11-01,gold_gbp_oz,69.3244
1975-12-01,gold_gbp_oz,68.7355
1976-01-01,gold_gbp_oz,64.583
1976-02-01,gold_gbp_oz,64.6485
1976-03-01,gold_gbp_oz,68.4551
1976-04-01,gold_gbp_oz,69.3248
1976-05-01,gold_gbp_oz,70.2437
1976-06-01,gold_gbp_oz,71.4294
1976-07-01,gold_gbp_oz,66.1036
1976-08-01,gold_gbp_oz,61.699
1976-09-01,gold_gbp_oz,66.006
1976-10-01,gold_gbp_oz,70.8296
1976-11-01,gold_gbp_oz,79.365
1976-12-01,gold_gbp_oz,79.8372
1977-01-01,gold_gbp_oz,77.088
1977-02-01,gold_gbp_oz,79.5192
1977-03-01,gold_gbp_oz,86.1804
1977-04-01,gold_gbp_oz,86.6733
1977-05-01,gold_gbp_oz,85.5393
1977-06-01,gold_gbp_oz,82.0197
1977-07-01,gold_gbp_oz,83.0115
1977-08-01,gold_gbp_oz,83.346
1977-09-01,gold_gbp_oz,86.055
1977-10-01,gold_gbp_oz,89.7714
1977-11-01,gold_gbp_oz,89.1162
1977-12-01,gold_gbp_oz,86.272
1978-01-01,gold_gbp_oz,89.3891
1978-02-01,gold_gbp_oz,91.7768
1978-03-01,gold_gbp_oz,96.5632
1978-04-01,gold_gbp_oz,94.605
1978-05-01,gold_gbp_oz,96.8
1978-06-01,gold_gbp_oz,100.1512
1978-07-01,gold_gbp_oz,99.7353
1978-08-01,gold_gbp_oz,106.1518
1978-09-01,gold_gbp_oz,108.1836
1978-10-01,gold_gbp_oz,113.0687
1978-11-01,gold_gbp_oz,105.06
1978-12-01,gold_gbp_oz,104.728
1979-01-01,gold_gbp_oz,113.2049
1979-02-01,gold_gbp_oz,122.754
1979-03-01,gold_gbp_oz,118.7494
1979-04-01,gold_gbp_oz,115.2697
1979-05-01,gold_gbp_oz,125.3106
1979-06-01,gold_gbp_oz,132.1065
1979-07-01,gold_gbp_oz,130.5375
1979-08-01,gold_gbp_oz,134.5771
1979-09-01,gold_gbp_oz,161.596
1979-10-01,gold_gbp_oz,182.868
1979-11-01,gold_gbp_oz,183.5736
1979-12-01,gold_gbp_oz,206.752
1980-01-01,gold_gbp_oz,298.1475
1980-02-01,gold_gbp_oz,290.5385
1980-03-01,gold_gbp_oz,251.2944
1980-04-01,gold_gbp_oz,233.9942
1980-05-01,gold_gbp_oz,223.2816
1980-06-01,gold_gbp_oz,257.2881
1980-07-01,gold_gbp_oz,270.9602
1980-08-01,gold_gbp_oz,264.5313
1980-09-01,gold_gbp_oz,280.721
1980-10-01,gold_gbp_oz,273.5218
1980-11-01,gold_gbp_oz,261.0625
1980-12-01,gold_gbp_oz,229.3494
1981-01-01,gold_gbp_oz,231.8234
1981-02-01,gold_gbp_oz,217.95
1981-03-01,gold_gbp_oz,223.552
1981-04-01,gold_gbp_oz,228.0112
1981-05-01,gold_gbp_oz,229.824
1981-06-01,gold_gbp_oz,233.5426
1981-07-01,gold_gbp_oz,218.2833
1981-08-01,gold_gbp_oz,225.254
1981-09-01,gold_gbp_oz,244.6884
1981-10-01,gold_gbp_oz,237.9654
1981-11-01,gold_gbp_oz,217.0728
1981-12-01,gold_gbp_oz,215.414
1982-01-01,gold_gbp_oz,203.5968
1982-02-01,gold_gbp_oz,202.4836
1982-03-01,gold_gbp_oz,182.787
1982-04-01,gold_gbp_oz,197.505
1982-05-01,gold_gbp_oz,184.5016
1982-06-01,gold_gbp_oz,179.361
1982-07-01,gold_gbp_oz,195.3318
1982-08-01,gold_gbp_oz,211.0108
1982-09-01,gold_gbp_oz,255.2517
1982-10-01,gold_gbp_oz,248.8112
1982-11-01,gold_gbp_oz,254.2705
1982-12-01,gold_gbp_oz,275.366
1983-01-01,gold_gbp_oz,305.2907
1983-02-01,gold_gbp_oz,320.3284
1983-03-01,gold_gbp_oz,281.862
1983-04-01,gold_gbp_oz,281.883
1983-05-01,gold_gbp_oz,278.6118
1983-06-01,gold_gbp_oz,266.798
1983-07-01,gold_gbp_oz,263.8844
1983-08-01,gold_gbp_oz,276.848
1983-09-01,gold_gbp_oz,274.9276
1983-10-01,gold_gbp_oz,263.192
1983-11-01,gold_gbp_oz,258.6904
1983-12-01,gold_gbp_oz,270.5912
1984-01-01,gold_gbp_oz,263.5584
1984-02-01,gold_gbp_oz,267.7296
1984-03-01,gold_gbp_oz,270.678
1984-04-01,gold_gbp_oz,268.1097
1984-05-01,gold_gbp_oz,271.3269
1984-06-01,gold_gbp_oz,274.5036
1984-07-01,gold_gbp_oz,263.6448
1984-08-01,gold_gbp_oz,265.002
1984-09-01,gold_gbp_oz,270.64
1984-10-01,gold_gbp_oz,279.5859
1984-11-01,gold_gbp_oz,275.994
1984-12-01,gold_gbp_oz,269.792
1985-01-01,gold_gbp_oz,268.8216
1985-02-01,gold_gbp_oz,273.5252
1985-03-01,gold_gbp_oz,279.0518
1985-04-01,gold_gbp_oz,264.216
1985-05-01,gold_gbp_oz,253.1476
1985-06-01,gold_gbp_oz,247.5136
1985-07-01,gold_gbp_oz,229.6031
1985-08-01,gold_gbp_oz,238.425
1985-09-01,gold_gbp_oz,236.759
1985-10-01,gold_gbp_oz,229.341
1985-11-01,gold_gbp_oz,223.6612
1985-12-01,gold_gbp_oz,222.8884
1986-01-01,gold_gbp_oz,243.594
1986-02-01,gold_gbp_oz,237.0966
1986-03-01,gold_gbp_oz,235.799
1986-04-01,gold_gbp_oz,226.882
1986-05-01,gold_gbp_oz,224.8308
1986-06-01,gold_gbp_oz,227.3747
1986-07-01,gold_gbp_oz,230.898
1986-08-01,gold_gbp_oz,253.6833
1986-09-01,gold_gbp_oz,284.4072
1986-10-01,gold_gbp_oz,297.2664
1986-11-01,gold_gbp_oz,279.5154
1986-12-01,gold_gbp_oz,271.6668
1987-01-01,gold_gbp_oz,271.0344
1987-02-01,gold_gbp_oz,262.4545
1987-03-01,gold_gbp_oz,256.852
1987-04-01,gold_gbp_oz,268.494
1987-05-01,gold_gbp_oz,276.0
1987-06-01,gold_gbp_oz,276.255
1987-07-01,gold_gbp_oz,280.2965
1987-08-01,gold_gbp_oz,288.2172
1987-09-01,gold_gbp_oz,279.726
1987-10-01,gold_gbp_oz,279.7905
1987-11-01,gold_gbp_oz,263.6244
1987-12-01,gold_gbp_oz,265.7448
1988-01-01,gold_gbp_oz,264.8781
1988-02-01,gold_gbp_oz,251.4096
1988-03-01,gold_gbp_oz,242.2464
1988-04-01,gold_gbp_oz,240.6448
1988-05-01,gold_gbp_oz,241.2399
1988-06-01,gold_gbp_oz,253.8228
1988-07-01,gold_gbp_oz,256.887
1988-08-01,gold_gbp_oz,254.0314
1988-09-01,gold_gbp_oz,245.2394
1988-10-01,gold_gbp_oz,234.0657
1988-11-01,gold_gbp_oz,232.218
1988-12-01,gold_gbp_oz,229.4863
1989-01-01,gold_gbp_oz,227.7752
1989-02-01,gold_gbp_oz,221.2764
1989-03-01,gold_gbp_oz,227.604
1989-04-01,gold_gbp_oz,225.792
1989-05-01,gold_gbp_oz,227.4972
1989-06-01,gold_gbp_oz,236.9552
1989-07-01,gold_gbp_oz,230.5125
1989-08-01,gold_gbp_oz,228.8915
1989-09-01,gold_gbp_oz,230.3406
1989-10-01,gold_gbp_oz,231.21
1989-11-01,gold_gbp_oz,250.5446
1989-12-01,gold_gbp_oz,256.4419
1990-01-01,gold_gbp_oz,248.296
1990-02-01,gold_gbp_oz,245.8632
1990-03-01,gold_gbp_oz,241.9308
1990-04-01,gold_gbp_oz,228.4392
1990-05-01,gold_gbp_oz,219.9978
1990-06-01,gold_gbp_oz,205.8144
1990-07-01,gold_gbp_oz,200.5575
1990-08-01,gold_gbp_oz,207.77
1990-09-01,gold_gbp_oz,206.9869
1990-10-01,gold_gbp_oz,195.834
1990-11-01,gold_gbp_oz,194.4762
1990-12-01,gold_gbp_oz,196.1531
1991-01-01,gold_gbp_oz,198.4896
1991-02-01,gold_gbp_oz,185.3124
1991-03-01,gold_gbp_oz,199.287
1991-04-01,gold_gbp_oz,204.597
1991-05-01,gold_gbp_oz,207.0957
1991-06-01,gold_gbp_oz,222.4754
1991-07-01,gold_gbp_oz,222.8608
1991-08-01,gold_gbp_oz,211.3928
1991-09-01,gold_gbp_oz,202.1408
1991-10-01,gold_gbp_oz,208.3277
1991-11-01,gold_gbp_oz,202.284
1991-12-01,gold_gbp_oz,198.1226
1992-01-01,gold_gbp_oz,195.6912
1992-02-01,gold_gbp_oz,199.125
1992-03-01,gold_gbp_oz,199.5544
1992-04-01,gold_gbp_oz,192.9927
1992-05-01,gold_gbp_oz,186.2262
1992-06-01,gold_gbp_oz,183.8331
1992-07-01,gold_gbp_oz,184.0895
1992-08-01,gold_gbp_oz,176.5078
1992-09-01,gold_gbp_oz,186.852
1992-10-01,gold_gbp_oz,208.12
1992-11-01,gold_gbp_oz,219.425
1992-12-01,gold_gbp_oz,215.9745
1993-01-01,gold_gbp_oz,214.6725
1993-02-01,gold_gbp_oz,228.5563
1993-03-01,gold_gbp_oz,225.753
1993-04-01,gold_gbp_oz,221.4108
1993-05-01,gold_gbp_oz,237.1187
1993-06-01,gold_gbp_oz,246.636
1993-07-01,gold_gbp_oz,262.1304
1993-08-01,gold_gbp_oz,254.1195
1993-09-01,gold_gbp_oz,232.809
1993-10-01,gold_gbp_oz,242.2784
1993-11-01,gold_gbp_oz,252.5622
1993-12-01,gold_gbp_oz,256.8398
1994-01-01,gold_gbp_oz,259.3287
1994-02-01,gold_gbp_oz,258.232
1994-03-01,gold_gbp_oz,257.3952
1994-04-01,gold_gbp_oz,254.3242
1994-05-01,gold_gbp_oz,253.2888
1994-06-01,gold_gbp_oz,252.9072
1994-07-01,gold_gbp_oz,248.9025
1994-08-01,gold_gbp_oz,246.392
1994-09-01,gold_gbp_oz,250.292
1994-10-01,gold_gbp_oz,242.775
1994-11-01,gold_gbp_oz,241.6128
1994-12-01,gold_gbp_oz,243.1664
1995-01-01,gold_gbp_oz,240.7029
1995-02-01,gold_gbp_oz,239.8097
1995-03-01,gold_gbp_oz,238.7118
1995-04-01,gold_gbp_oz,243.2802
1995-05-01,gold_gbp_oz,242.55
1995-06-01,gold_gbp_oz,243.276
1995-07-01,gold_gbp_oz,241.9834
1995-08-01,gold_gbp_oz,245.0688
1995-09-01,gold_gbp_oz,245.6562
1995-10-01,gold_gbp_oz,242.7454
1995-11-01,gold_gbp_oz,246.4
1995-12-01,gold_gbp_oz,251.2017
1996-01-01,gold_gbp_oz,260.9859
1996-02-01,gold_gbp_oz,263.655
1996-03-01,gold_gbp_oz,259.3008
1996-04-01,gold_gbp_oz,259.2228
1996-05-01,gold_gbp_oz,258.72
1996-06-01,gold_gbp_oz,249.7495
1996-07-01,gold_gbp_oz,246.6137
1996-08-01,gold_gbp_oz,249.6924
1996-09-01,gold_gbp_oz,245.6179
1996-10-01,gold_gbp_oz,240.1824
1996-11-01,gold_gbp_oz,227.4048
1996-12-01,gold_gbp_oz,221.769
1997-01-01,gold_gbp_oz,214.065
1997-02-01,gold_gbp_oz,213.4744
1997-03-01,gold_gbp_oz,218.6976
1997-04-01,gold_gbp_oz,211.1472
1997-05-01,gold_gbp_oz,210.7688
1997-06-01,gold_gbp_oz,207.2939
1997-07-01,gold_gbp_oz,194.076
1997-08-01,gold_gbp_oz,202.0464
1997-09-01,gold_gbp_oz,201.7135
1997-10-01,gold_gbp_oz,199.03
1997-11-01,gold_gbp_oz,181.1826
1997-12-01,gold_gbp_oz,174.1225
1998-01-01,gold_gbp_oz,176.7524
1998-02-01,gold_gbp_oz,181.0215
1998-03-01,gold_gbp_oz,178.1032
1998-04-01,gold_gbp_oz,184.184
1998-05-01,gold_gbp_oz,182.5096
1998-06-01,gold_gbp_oz,176.9228
1998-07-01,gold_gbp_oz,178.2612
1998-08-01,gold_gbp_oz,173.7796
1998-09-01,gold_gbp_oz,171.7816
1998-10-01,gold_gbp_oz,174.6992
1998-11-01,gold_gbp_oz,176.988
1998-12-01,gold_gbp_oz,174.762
1999-01-01,gold_gbp_oz,173.9507
1999-02-01,gold_gbp_oz,176.3328
1999-03-01,gold_gbp_oz,176.4048
1999-04-01,gold_gbp_oz,175.8845
1999-05-01,gold_gbp_oz,170.844
1999-06-01,gold_gbp_oz,163.647
1999-07-01,gold_gbp_oz,162.5344
1999-08-01,gold_gbp_oz,160.0339
1999-09-01,gold_gbp_oz,163.1075
1999-10-01,gold_gbp_oz,187.6574
1999-11-01,gold_gbp_oz,180.8103
1999-12-01,gold_gbp_oz,175.4317
2000-01-01,gold_gbp_oz,173.1264
2000-02-01,gold_gbp_oz,187.5
2000-03-01,gold_gbp_oz,181.038
2000-04-01,gold_gbp_oz,176.96
2000-05-01,gold_gbp_oz,182.2425
2000-06-01,gold_gbp_oz,189.5036
2000-07-01,gold_gbp_oz,187.0506
2000-08-01,gold_gbp_oz,184.3341
2000-09-01,gold_gbp_oz,191.115
2000-10-01,gold_gbp_oz,186.138
2000-11-01,gold_gbp_oz,186.5724
2000-12-01,gold_gbp_oz,185.2556
2001-01-01,gold_gbp_oz,179.352
2001-02-01,gold_gbp_oz,180.387
2001-03-01,gold_gbp_oz,182.0749
2001-04-01,gold_gbp_oz,181.22
2001-05-01,gold_gbp_oz,190.672
2001-06-01,gold_gbp_oz,192.591
2001-07-01,gold_gbp_oz,189.4224
2001-08-01,gold_gbp_oz,189.2576
2001-09-01,gold_gbp_oz,193.3456
2001-10-01,gold_gbp_oz,195.1568
2001-11-01,gold_gbp_oz,192.2616
2001-12-01,gold_gbp_oz,191.4888
2002-01-01,gold_gbp_oz,196.8924
2002-02-01,gold_gbp_oz,208.0584
2002-03-01,gold_gbp_oz,206.5938
2002-04-01,gold_gbp_oz,209.979
2002-05-01,gold_gbp_oz,215.09
2002-06-01,gold_gbp_oz,216.354
2002-07-01,gold_gbp_oz,201.1025
2002-08-01,gold_gbp_oz,201.717
2002-09-01,gold_gbp_oz,204.9575
2002-10-01,gold_gbp_oz,203.5457
2002-11-01,gold_gbp_oz,203.0435
2002-12-01,gold_gbp_oz,209.2928
2003-01-01,gold_gbp_oz,220.6974
2003-02-01,gold_gbp_oz,223.2621
2003-03-01,gold_gbp_oz,215.4779
2003-04-01,gold_gbp_oz,208.4112
2003-05-01,gold_gbp_oz,219.4384
2003-06-01,gold_gbp_oz,214.3476
2003-07-01,gold_gbp_oz,216.3915
2003-08-01,gold_gbp_oz,225.864
2003-09-01,gold_gbp_oz,234.601
2003-10-01,gold_gbp_oz,225.6945
2003-11-01,gold_gbp_oz,230.802
2003-12-01,gold_gbp_oz,232.3563
2004-01-01,gold_gbp_oz,226.7892
2004-02-01,gold_gbp_oz,216.8775
2004-03-01,gold_gbp_oz,222.8732
2004-04-01,gold_gbp_oz,223.5038
2004-05-01,gold_gbp_oz,215.0016
2004-06-01,gold_gbp_oz,214.4632
2004-07-01,gold_gbp_oz,215.8752
2004-08-01,gold_gbp_oz,220.3094
2004-09-01,gold_gbp_oz,225.7875
2004-10-01,gold_gbp_oz,232.344
2004-11-01,gold_gbp_oz,235.9186
2004-12-01,gold_gbp_oz,229.177
2005-01-01,gold_gbp_oz,225.568
2005-02-01,gold_gbp_oz,224.1477
2005-03-01,gold_gbp_oz,227.8934
2005-04-01,gold_gbp_oz,226.2546
2005-05-01,gold_gbp_oz,227.3736
2005-06-01,gold_gbp_oz,237.0931
2005-07-01,gold_gbp_oz,242.1888
2005-08-01,gold_gbp_oz,244.0974
2005-09-01,gold_gbp_oz,252.4416
2005-10-01,gold_gbp_oz,266.255
2005-11-01,gold_gbp_oz,274.9428
2005-12-01,gold_gbp_oz,292.128
2006-01-01,gold_gbp_oz,310.97
2006-02-01,gold_gbp_oz,317.5155
2006-03-01,gold_gbp_oz,319.3281
2006-04-01,gold_gbp_oz,345.5816
2006-05-01,gold_gbp_oz,361.1925
2006-06-01,gold_gbp_oz,323.2704
2006-07-01,gold_gbp_oz,343.7548
2006-08-01,gold_gbp_oz,334.224
2006-09-01,gold_gbp_oz,317.4184
2006-10-01,gold_gbp_oz,312.2794
2006-11-01,gold_gbp_oz,328.3812
2006-12-01,gold_gbp_oz,320.985
2007-01-01,gold_gbp_oz,322.1255
2007-02-01,gold_gbp_oz,339.4825
2007-03-01,gold_gbp_oz,336.3425
2007-04-01,gold_gbp_oz,341.537
2007-05-01,gold_gbp_oz,336.168
2007-06-01,gold_gbp_oz,330.1648
2007-07-01,gold_gbp_oz,326.7145
2007-08-01,gold_gbp_oz,330.7045
2007-09-01,gold_gbp_oz,353.2202
2007-10-01,gold_gbp_oz,369.195
2007-11-01,gold_gbp_oz,389.3786
2007-12-01,gold_gbp_oz,398.288
2008-01-01,gold_gbp_oz,451.764
2008-02-01,gold_gbp_oz,469.298
2008-03-01,gold_gbp_oz,483.6128
2008-04-01,gold_gbp_oz,459.186
2008-05-01,gold_gbp_oz,452.4121
2008-06-01,gold_gbp_oz,452.0565
2008-07-01,gold_gbp_oz,472.632
2008-08-01,gold_gbp_oz,444.7539
2008-09-01,gold_gbp_oz,461.812
2008-10-01,gold_gbp_oz,478.551
2008-11-01,gold_gbp_oz,496.4764
2008-12-01,gold_gbp_oz,549.3312
2009-01-01,gold_gbp_oz,593.9985
2009-02-01,gold_gbp_oz,653.8762
2009-03-01,gold_gbp_oz,652.0668
2009-04-01,gold_gbp_oz,604.933
2009-05-01,gold_gbp_oz,602.5494
2009-06-01,gold_gbp_oz,577.9114
2009-07-01,gold_gbp_oz,570.3004
2009-08-01,gold_gbp_oz,574.0501
2009-09-01,gold_gbp_oz,610.7622
2009-10-01,gold_gbp_oz,643.3224
2009-11-01,gold_gbp_oz,678.9048
2009-12-01,gold_gbp_oz,699.5005
2010-01-01,gold_gbp_oz,691.9302
2010-02-01,gold_gbp_oz,701.1285
2010-03-01,gold_gbp_oz,739.1433
2010-04-01,gold_gbp_oz,749.3778
2010-05-01,gold_gbp_oz,821.4485
2010-06-01,gold_gbp_oz,834.8643
2010-07-01,gold_gbp_oz,779.5062
2010-08-01,gold_gbp_oz,776.416
2010-09-01,gold_gbp_oz,815.2194
2010-10-01,gold_gbp_oz,845.7284
2010-11-01,gold_gbp_oz,858.305
2010-12-01,gold_gbp_oz,891.9092
2011-01-01,gold_gbp_oz,861.696
2011-02-01,gold_gbp_oz,852.775
2011-03-01,gold_gbp_oz,880.6947
2011-04-01,gold_gbp_oz,904.1505
2011-05-01,gold_gbp_oz,926.4099
2011-06-01,gold_gbp_oz,942.7814
2011-07-01,gold_gbp_oz,973.5297
2011-08-01,gold_gbp_oz,1075.4526
2011-09-01,gold_gbp_oz,1123.6252
2011-10-01,gold_gbp_oz,1056.5772
2011-11-01,gold_gbp_oz,1100.2653
2011-12-01,gold_gbp_oz,1052.224
2012-01-01,gold_gbp_oz,1065.5068
2012-02-01,gold_gbp_oz,1104.236
2012-03-01,gold_gbp_oz,1059.232
2012-04-01,gold_gbp_oz,1030.625
2012-05-01,gold_gbp_oz,997.892
2012-06-01,gold_gbp_oz,1027.8372
2012-07-01,gold_gbp_oz,1022.2322
2012-08-01,gold_gbp_oz,1036.843
2012-09-01,gold_gbp_oz,1082.0745
2012-10-01,gold_gbp_oz,1086.4593
2012-11-01,gold_gbp_oz,1078.4886
2012-12-01,gold_gbp_oz,1043.689
2013-01-01,gold_gbp_oz,1047.3408
2013-02-01,gold_gbp_oz,1052.0136
2013-03-01,gold_gbp_oz,1056.3183
2013-04-01,gold_gbp_oz,971.8128
2013-05-01,gold_gbp_oz,924.3318
2013-06-01,gold_gbp_oz,866.9065
2013-07-01,gold_gbp_oz,847.2168
2013-08-01,gold_gbp_oz,872.04
2013-09-01,gold_gbp_oz,849.1955
2013-10-01,gold_gbp_oz,818.1204
2013-11-01,gold_gbp_oz,792.5236
2013-12-01,gold_gbp_oz,745.9088
2014-01-01,gold_gbp_oz,755.3568
2014-02-01,gold_gbp_oz,785.07
2014-03-01,gold_gbp_oz,803.604
2014-04-01,gold_gbp_oz,775.0358
2014-05-01,gold_gbp_oz,765.4082
2014-06-01,gold_gbp_oz,756.4006
2014-07-01,gold_gbp_oz,768.246
2014-08-01,gold_gbp_oz,775.446
2014-09-01,gold_gbp_oz,759.3943
2014-10-01,gold_gbp_oz,760.2062
2014-11-01,gold_gbp_oz,745.0675
2014-12-01,gold_gbp_oz,767.6792
2015-01-01,gold_gbp_oz,826.1604
2015-02-01,gold_gbp_oz,800.4948
2015-03-01,gold_gbp_oz,788.1615
2015-04-01,gold_gbp_oz,801.0519
2015-05-01,gold_gbp_oz,775.753
2015-06-01,gold_gbp_oz,758.844
2015-07-01,gold_gbp_oz,724.9656
2015-08-01,gold_gbp_oz,717.6442
2015-09-01,gold_gbp_oz,733.5
2015-10-01,gold_gbp_oz,755.4362
2015-11-01,gold_gbp_oz,714.8052
2015-12-01,gold_gbp_oz,718.23
2016-01-01,gold_gbp_oz,762.8904
2016-02-01,gold_gbp_oz,839.76
2016-03-01,gold_gbp_oz,873.741
2016-04-01,gold_gbp_oz,867.4128
2016-05-01,gold_gbp_oz,868.1985
2016-06-01,gold_gbp_oz,898.8144
2016-07-01,gold_gbp_oz,1017.9918
2016-08-01,gold_gbp_oz,1022.822
2016-09-01,gold_gbp_oz,1009.847
2016-10-01,gold_gbp_oz,1027.537
2016-11-01,gold_gbp_oz,995.8472
2016-12-01,gold_gbp_oz,926.8727
2017-01-01,gold_gbp_oz,963.8512
2017-02-01,gold_gbp_oz,987.5702
2017-03-01,gold_gbp_oz,996.9869
2017-04-01,gold_gbp_oz,1002.4504
2017-05-01,gold_gbp_oz,963.781
2017-06-01,gold_gbp_oz,983.556
2017-07-01,gold_gbp_oz,951.8715
2017-08-01,gold_gbp_oz,990.6043
2017-09-01,gold_gbp_oz,984.9744
2017-10-01,gold_gbp_oz,969.6
2017-11-01,gold_gbp_oz,969.9612
2017-12-01,gold_gbp_oz,942.944
2018-01-01,gold_gbp_oz,962.8454
2018-02-01,gold_gbp_oz,953.3953
2018-03-01,gold_gbp_oz,948.0375
2018-04-01,gold_gbp_oz,948.2505
2018-05-01,gold_gbp_oz,967.3472
2018-06-01,gold_gbp_oz,964.3204
2018-07-01,gold_gbp_oz,940.6324
2018-08-01,gold_gbp_oz,933.353
2018-09-01,gold_gbp_oz,916.8294
2018-10-01,gold_gbp_oz,933.7275
2018-11-01,gold_gbp_oz,946.5192
2018-12-01,gold_gbp_oz,987.0
2019-01-01,gold_gbp_oz,1001.4292
2019-02-01,gold_gbp_oz,1014.156
2019-03-01,gold_gbp_oz,988.1095
2019-04-01,gold_gbp_oz,987.005
2019-05-01,gold_gbp_oz,998.8236
2019-06-01,gold_gbp_oz,1072.251
2019-07-01,gold_gbp_oz,1133.9325
2019-08-01,gold_gbp_oz,1233.6
2019-09-01,gold_gbp_oz,1221.6435
2019-10-01,gold_gbp_oz,1181.1995
2019-11-01,gold_gbp_oz,1141.7902
2019-12-01,gold_gbp_oz,1128.1812
2020-01-01,gold_gbp_oz,1193.8528
2020-02-01,gold_gbp_oz,1232.884
2020-03-01,gold_gbp_oz,1287.132
2020-04-01,gold_gbp_oz,1355.1516
2020-05-01,gold_gbp_oz,1394.9364
2020-06-01,gold_gbp_oz,1383.002
2020-07-01,gold_gbp_oz,1454.1431
2020-08-01,gold_gbp_oz,1498.2121
2020-09-01,gold_gbp_oz,1484.5528
2020-10-01,gold_gbp_oz,1463.76
2020-11-01,gold_gbp_oz,1413.8682
2020-12-01,gold_gbp_oz,1383.0952
2021-01-01,gold_gbp_oz,1368.6977
2021-02-01,gold_gbp_oz,1303.7488
2021-03-01,gold_gbp_oz,1239.1934
2021-04-01,gold_gbp_oz,1271.248
2021-05-01,gold_gbp_oz,1313.5
2021-06-01,gold_gbp_oz,1308.355
2021-07-01,gold_gbp_oz,1309.3536
2021-08-01,gold_gbp_oz,1293.768
2021-09-01,gold_gbp_oz,1292.555
2021-10-01,gold_gbp_oz,1297.0323
2021-11-01,gold_gbp_oz,1353.3816
2021-12-01,gold_gbp_oz,1345.543
2022-01-01,gold_gbp_oz,1339.6632
2022-02-01,gold_gbp_oz,1370.8416
2022-03-01,gold_gbp_oz,1479.3112
2022-04-01,gold_gbp_oz,1497.6884
2022-05-01,gold_gbp_oz,1486.596
2022-06-01,gold_gbp_oz,1491.0929
2022-07-01,gold_gbp_oz,1445.6686
2022-08-01,gold_gbp_oz,1472.8925
2022-09-01,gold_gbp_oz,1484.9954
2022-10-01,gold_gbp_oz,1468.48
2022-11-01,gold_gbp_oz,1470.9075
2022-12-01,gold_gbp_oz,1476.158
2023-01-01,gold_gbp_oz,1551.0456
2023-02-01,gold_gbp_oz,1535.0125
2023-03-01,gold_gbp_oz,1576.1207
2023-04-01,gold_gbp_oz,1607.0
2023-05-01,gold_gbp_oz,1595.592
2023-06-01,gold_gbp_oz,1538.856
2023-07-01,gold_gbp_oz,1513.1956
2023-08-01,gold_gbp_oz,1510.253
2023-09-01,gold_gbp_oz,1547.5532
2023-10-01,gold_gbp_oz,1573.8024
2023-11-01,gold_gbp_oz,1595.3344
2023-12-01,gold_gbp_oz,1600.7426
2024-01-01,gold_gbp_oz,1601.3682
2024-02-01,gold_gbp_oz,1601.8114
2024-03-01,gold_gbp_oz,1697.4828
2024-04-01,gold_gbp_oz,1862.2359
2024-05-01,gold_gbp_oz,1860.5814
2024-06-01,gold_gbp_oz,1829.1664
2024-07-01,gold_gbp_oz,1863.246
2024-08-01,gold_gbp_oz,1908.075
2024-09-01,gold_gbp_oz,1944.9615
2024-10-01,gold_gbp_oz,2062.423
2024-11-01,gold_gbp_oz,2081.3001
2024-12-01,gold_gbp_oz,2093.7736
2025-01-01,gold_gbp_oz,2193.745
2025-02-01,gold_gbp_oz,2308.1835
2025-03-01,gold_gbp_oz,2310.0352
2025-04-01,gold_gbp_oz,2448.2544
2025-05-01,gold_gbp_oz,2477.1174
2025-06-01,gold_gbp_oz,2469.4845
2025-07-01,gold_gbp_oz,2475.942
2025-08-01,gold_gbp_oz,2503.0976
2025-09-01,gold_gbp_oz,2715.7872
2025-10-01,gold_gbp_oz,3038.2246
2025-11-01,gold_gbp_oz,3110.6157
2025-12-01,gold_gbp_oz,3218.823
2026-01-01,gold_gbp_oz,3511.5164
2026-02-01,gold_gbp_oz,3696.728
2026-03-01,gold_gbp_oz,3640.5432
2026-04-01,gold_gbp_oz,3509.1193
2026-05-01,gold_gbp_oz,3398.5083
2026-06-01,gold_gbp_oz,3169.7316
2026-07-01,gold_gbp_oz,3043.3456
2026-08-01,gold_gbp_oz,3256.2002
2026-09-01,gold_gbp_oz,3221.5421
1953-01-01,gold_usd_oz,34.84
1953-02-01,gold_usd_oz,34.84
1953-03-01,gold_usd_oz,34.84
1953-04-01,gold_usd_oz,34.84
1953-05-01,gold_usd_oz,34.84
1953-06-01,gold_usd_oz,34.84
1953-07-01,gold_usd_oz,34.84
1953-08-01,gold_usd_oz,34.84
1953-09-01,gold_usd_oz,34.84
1953-10-01,gold_usd_oz,34.84
1953-11-01,gold_usd_oz,34.84
1953-12-01,gold_usd_oz,34.84
1954-01-01,gold_usd_oz,35.04
1954-02-01,gold_usd_oz,35.04
1954-03-01,gold_usd_oz,35.04
1954-04-01,gold_usd_oz,35.04
1954-05-01,gold_usd_oz,35.04
1954-06-01,gold_usd_oz,35.04
1954-07-01,gold_usd_oz,35.04
1954-08-01,gold_usd_oz,35.04
1954-09-01,gold_usd_oz,35.04
1954-10-01,gold_usd_oz,35.04
1954-11-01,gold_usd_oz,35.04
1954-12-01,gold_usd_oz,35.04
1955-01-01,gold_usd_oz,35.03
1955-02-01,gold_usd_oz,35.03
1955-03-01,gold_usd_oz,35.03
1955-04-01,gold_usd_oz,35.03
1955-05-01,gold_usd_oz,35.03
1955-06-01,gold_usd_oz,35.03
1955-07-01,gold_usd_oz,35.03
1955-08-01,gold_usd_oz,35.03
1955-09-01,gold_usd_oz,35.03
1955-10-01,gold_usd_oz,35.03
1955-11-01,gold_usd_oz,35.03
1955-12-01,gold_usd_oz,35.03
1956-01-01,gold_usd_oz,34.99
1956-02-01,gold_usd_oz,34.99
1956-03-01,gold_usd_oz,34.99
1956-04-01,gold_usd_oz,34.99
1956-05-01,gold_usd_oz,34.99
1956-06-01,gold_usd_oz,34.99
1956-07-01,gold_usd_oz,34.99
1956-08-01,gold_usd_oz,34.99
1956-09-01,gold_usd_oz,34.99
1956-10-01,gold_usd_oz,34.99
1956-11-01,gold_usd_oz,34.99
1956-12-01,gold_usd_oz,34.99
1957-01-01,gold_usd_oz,34.95
1957-02-01,gold_usd_oz,34.95
1957-03-01,gold_usd_oz,34.95
1957-04-01,gold_usd_oz,34.95
1957-05-01,gold_usd_oz,34.95
1957-06-01,gold_usd_oz,34.95
1957-07-01,gold_usd_oz,34.95
1957-08-01,gold_usd_oz,34.95
1957-09-01,gold_usd_oz,34.95
1957-10-01,gold_usd_oz,34.95
1957-11-01,gold_usd_oz,34.95
1957-12-01,gold_usd_oz,34.95
1958-01-01,gold_usd_oz,35.1
1958-02-01,gold_usd_oz,35.1
1958-03-01,gold_usd_oz,35.1
1958-04-01,gold_usd_oz,35.1
1958-05-01,gold_usd_oz,35.1
1958-06-01,gold_usd_oz,35.1
1958-07-01,gold_usd_oz,35.1
1958-08-01,gold_usd_oz,35.1
1958-09-01,gold_usd_oz,35.1
1958-10-01,gold_usd_oz,35.1
1958-11-01,gold_usd_oz,35.1
1958-12-01,gold_usd_oz,35.1
1959-01-01,gold_usd_oz,35.1
1959-02-01,gold_usd_oz,35.1
1959-03-01,gold_usd_oz,35.1
1959-04-01,gold_usd_oz,35.1
1959-05-01,gold_usd_oz,35.1
1959-06-01,gold_usd_oz,35.1
1959-07-01,gold_usd_oz,35.1
1959-08-01,gold_usd_oz,35.1
1959-09-01,gold_usd_oz,35.1
1959-10-01,gold_usd_oz,35.1
1959-11-01,gold_usd_oz,35.1
1959-12-01,gold_usd_oz,35.1
1960-01-01,gold_usd_oz,35.27
1960-02-01,gold_usd_oz,35.0
1960-03-01,gold_usd_oz,35.0
1960-04-01,gold_usd_oz,35.27
1960-05-01,gold_usd_oz,35.27
1960-06-01,gold_usd_oz,35.0
1960-07-01,gold_usd_oz,35.27
1960-08-01,gold_usd_oz,35.27
1960-09-01,gold_usd_oz,35.27
1960-10-01,gold_usd_oz,35.27
1960-11-01,gold_usd_oz,35.27
1960-12-01,gold_usd_oz,35.0
1961-01-01,gold_usd_oz,35.25
1961-02-01,gold_usd_oz,35.0
1961-03-01,gold_usd_oz,35.0
1961-04-01,gold_usd_oz,35.0
1961-05-01,gold_usd_oz,35.0
1961-06-01,gold_usd_oz,35.0
1961-07-01,gold_usd_oz,35.0
1961-08-01,gold_usd_oz,35.0
1961-09-01,gold_usd_oz,35.0
1961-10-01,gold_usd_oz,35.0
1961-11-01,gold_usd_oz,35.0
1961-12-01,gold_usd_oz,35.0
1962-01-01,gold_usd_oz,35.0
1962-02-01,gold_usd_oz,35.0
1962-03-01,gold_usd_oz,35.0
1962-04-01,gold_usd_oz,35.23
1962-05-01,gold_usd_oz,35.0
1962-06-01,gold_usd_oz,35.0
1962-07-01,gold_usd_oz,35.0
1962-08-01,gold_usd_oz,35.0
1962-09-01,gold_usd_oz,35.23
1962-10-01,gold_usd_oz,35.0
1962-11-01,gold_usd_oz,35.0
1962-12-01,gold_usd_oz,35.23
1963-01-01,gold_usd_oz,35.0
1963-02-01,gold_usd_oz,35.0
1963-03-01,gold_usd_oz,35.0
1963-04-01,gold_usd_oz,35.0
1963-05-01,gold_usd_oz,35.0
1963-06-01,gold_usd_oz,35.0
1963-07-01,gold_usd_oz,35.0
1963-08-01,gold_usd_oz,35.0
1963-09-01,gold_usd_oz,35.0
1963-10-01,gold_usd_oz,35.0
1963-11-01,gold_usd_oz,35.0
1963-12-01,gold_usd_oz,35.0
1964-01-01,gold_usd_oz,35.0
1964-02-01,gold_usd_oz,35.0
1964-03-01,gold_usd_oz,35.0
1964-04-01,gold_usd_oz,35.0
1964-05-01,gold_usd_oz,35.1
1964-06-01,gold_usd_oz,35.0
1964-07-01,gold_usd_oz,35.0
1964-08-01,gold_usd_oz,35.0
1964-09-01,gold_usd_oz,35.0
1964-10-01,gold_usd_oz,35.0
1964-11-01,gold_usd_oz,35.0
1964-12-01,gold_usd_oz,35.0
1965-01-01,gold_usd_oz,35.0
1965-02-01,gold_usd_oz,35.0
1965-03-01,gold_usd_oz,35.0
1965-04-01,gold_usd_oz,35.0
1965-05-01,gold_usd_oz,35.0
1965-06-01,gold_usd_oz,35.0
1965-07-01,gold_usd_oz,35.0
1965-08-01,gold_usd_oz,35.0
1965-09-01,gold_usd_oz,35.0
1965-10-01,gold_usd_oz,35.0
1965-11-01,gold_usd_oz,35.0
1965-12-01,gold_usd_oz,35.0
1966-01-01,gold_usd_oz,35.0
1966-02-01,gold_usd_oz,35.0
1966-03-01,gold_usd_oz,35.0
1966-04-01,gold_usd_oz,35.0
1966-05-01,gold_usd_oz,35.0
1966-06-01,gold_usd_oz,35.0
1966-07-01,gold_usd_oz,35.0
1966-08-01,gold_usd_oz,35.0
1966-09-01,gold_usd_oz,35.0
1966-10-01,gold_usd_oz,35.0
1966-11-01,gold_usd_oz,35.0
1966-12-01,gold_usd_oz,35.0
1967-01-01,gold_usd_oz,35.0
1967-02-01,gold_usd_oz,35.0
1967-03-01,gold_usd_oz,35.0
1967-04-01,gold_usd_oz,35.0
1967-05-01,gold_usd_oz,35.0
1967-06-01,gold_usd_oz,35.0
1967-07-01,gold_usd_oz,35.0
1967-08-01,gold_usd_oz,35.0
1967-09-01,gold_usd_oz,35.0
1967-10-01,gold_usd_oz,35.0
1967-11-01,gold_usd_oz,35.0
1967-12-01,gold_usd_oz,35.0
1968-01-01,gold_usd_oz,36.0
1968-02-01,gold_usd_oz,36.0
1968-03-01,gold_usd_oz,37.0
1968-04-01,gold_usd_oz,38.0
1968-05-01,gold_usd_oz,41.0
1968-06-01,gold_usd_oz,41.0
1968-07-01,gold_usd_oz,39.0
1968-08-01,gold_usd_oz,39.0
1968-09-01,gold_usd_oz,40.0
1968-10-01,gold_usd_oz,39.0
1968-11-01,gold_usd_oz,40.0
1968-12-01,gold_usd_oz,41.0
1969-01-01,gold_usd_oz,42.0
1969-02-01,gold_usd_oz,43.0
1969-03-01,gold_usd_oz,43.0
1969-04-01,gold_usd_oz,43.0
1969-05-01,gold_usd_oz,43.0
1969-06-01,gold_usd_oz,41.0
1969-07-01,gold_usd_oz,42.0
1969-08-01,gold_usd_oz,41.0
1969-09-01,gold_usd_oz,41.0
1969-10-01,gold_usd_oz,40.0
1969-11-01,gold_usd_oz,37.0
1969-12-01,gold_usd_oz,35.0
1970-01-01,gold_usd_oz,35.0
1970-02-01,gold_usd_oz,35.0
1970-03-01,gold_usd_oz,35.0
1970-04-01,gold_usd_oz,36.0
1970-05-01,gold_usd_oz,36.0
1970-06-01,gold_usd_oz,35.0
1970-07-01,gold_usd_oz,35.0
1970-08-01,gold_usd_oz,35.0
1970-09-01,gold_usd_oz,36.0
1970-10-01,gold_usd_oz,38.0
1970-11-01,gold_usd_oz,37.0
1970-12-01,gold_usd_oz,37.0
1971-01-01,gold_usd_oz,38.0
1971-02-01,gold_usd_oz,39.0
1971-03-01,gold_usd_oz,39.0
1971-04-01,gold_usd_oz,39.0
1971-05-01,gold_usd_oz,41.0
1971-06-01,gold_usd_oz,40.0
1971-07-01,gold_usd_oz,41.0
1971-08-01,gold_usd_oz,43.0
1971-09-01,gold_usd_oz,42.0
1971-10-01,gold_usd_oz,43.0
1971-11-01,gold_usd_oz,43.0
1971-12-01,gold_usd_oz,43.0
1972-01-01,gold_usd_oz,46.0
1972-02-01,gold_usd_oz,48.0
1972-03-01,gold_usd_oz,48.0
1972-04-01,gold_usd_oz,49.0
1972-05-01,gold_usd_oz,55.0
1972-06-01,gold_usd_oz,62.0
1972-07-01,gold_usd_oz,66.0
1972-08-01,gold_usd_oz,67.0
1972-09-01,gold_usd_oz,65.0
1972-10-01,gold_usd_oz,65.0
1972-11-01,gold_usd_oz,63.0
1972-12-01,gold_usd_oz,64.0
1973-01-01,gold_usd_oz,65.0
1973-02-01,gold_usd_oz,74.0
1973-03-01,gold_usd_oz,84.0
1973-04-01,gold_usd_oz,91.0
1973-05-01,gold_usd_oz,102.0
1973-06-01,gold_usd_oz,120.0
1973-07-01,gold_usd_oz,120.0
1973-08-01,gold_usd_oz,107.0
1973-09-01,gold_usd_oz,103.0
1973-10-01,gold_usd_oz,100.0
1973-11-01,gold_usd_oz,95.0
1973-12-01,gold_usd_oz,107.0
1974-01-01,gold_usd_oz,129.0
1974-02-01,gold_usd_oz,150.0
1974-03-01,gold_usd_oz,168.0
1974-04-01,gold_usd_oz,172.0
1974-05-01,gold_usd_oz,163.0
1974-06-01,gold_usd_oz,154.0
1974-07-01,gold_usd_oz,143.0
1974-08-01,gold_usd_oz,155.0
1974-09-01,gold_usd_oz,152.0
1974-10-01,gold_usd_oz,159.0
1974-11-01,gold_usd_oz,182.0
1974-12-01,gold_usd_oz,184.0
1975-01-01,gold_usd_oz,176.0
1975-02-01,gold_usd_oz,180.0
1975-03-01,gold_usd_oz,178.0
1975-04-01,gold_usd_oz,170.0
1975-05-01,gold_usd_oz,167.0
1975-06-01,gold_usd_oz,164.0
1975-07-01,gold_usd_oz,165.0
1975-08-01,gold_usd_oz,163.0
1975-09-01,gold_usd_oz,144.0
1975-10-01,gold_usd_oz,143.0
1975-11-01,gold_usd_oz,142.0
1975-12-01,gold_usd_oz,139.0
1976-01-01,gold_usd_oz,131.0
1976-02-01,gold_usd_oz,131.0
1976-03-01,gold_usd_oz,133.0
1976-04-01,gold_usd_oz,128.0
1976-05-01,gold_usd_oz,127.0
1976-06-01,gold_usd_oz,126.0
1976-07-01,gold_usd_oz,118.0
1976-08-01,gold_usd_oz,110.0
1976-09-01,gold_usd_oz,114.0
1976-10-01,gold_usd_oz,116.0
1976-11-01,gold_usd_oz,130.0
1976-12-01,gold_usd_oz,134.0
1977-01-01,gold_usd_oz,132.0
1977-02-01,gold_usd_oz,136.0
1977-03-01,gold_usd_oz,148.0
1977-04-01,gold_usd_oz,149.0
1977-05-01,gold_usd_oz,147.0
1977-06-01,gold_usd_oz,141.0
1977-07-01,gold_usd_oz,143.0
1977-08-01,gold_usd_oz,145.0
1977-09-01,gold_usd_oz,150.0
1977-10-01,gold_usd_oz,159.0
1977-11-01,gold_usd_oz,162.0
1977-12-01,gold_usd_oz,160.0
1978-01-01,gold_usd_oz,173.0
1978-02-01,gold_usd_oz,178.0
1978-03-01,gold_usd_oz,184.0
1978-04-01,gold_usd_oz,175.0
1978-05-01,gold_usd_oz,176.0
1978-06-01,gold_usd_oz,184.0
1978-07-01,gold_usd_oz,189.0
1978-08-01,gold_usd_oz,206.0
1978-09-01,gold_usd_oz,212.0
1978-10-01,gold_usd_oz,227.0
1978-11-01,gold_usd_oz,206.0
1978-12-01,gold_usd_oz,208.0
1979-01-01,gold_usd_oz,227.0
1979-02-01,gold_usd_oz,246.0
1979-03-01,gold_usd_oz,242.0
1979-04-01,gold_usd_oz,239.0
1979-05-01,gold_usd_oz,258.0
1979-06-01,gold_usd_oz,279.0
1979-07-01,gold_usd_oz,295.0
1979-08-01,gold_usd_oz,301.0
1979-09-01,gold_usd_oz,355.0
1979-10-01,gold_usd_oz,392.0
1979-11-01,gold_usd_oz,392.0
1979-12-01,gold_usd_oz,455.0
1980-01-01,gold_usd_oz,675.0
1980-02-01,gold_usd_oz,665.0
1980-03-01,gold_usd_oz,554.0
1980-04-01,gold_usd_oz,517.0
1980-05-01,gold_usd_oz,514.0
1980-06-01,gold_usd_oz,601.0
1980-07-01,gold_usd_oz,643.0
1980-08-01,gold_usd_oz,627.0
1980-09-01,gold_usd_oz,674.0
1980-10-01,gold_usd_oz,661.0
1980-11-01,gold_usd_oz,625.0
1980-12-01,gold_usd_oz,538.0
1981-01-01,gold_usd_oz,557.0
1981-02-01,gold_usd_oz,500.0
1981-03-01,gold_usd_oz,499.0
1981-04-01,gold_usd_oz,496.0
1981-05-01,gold_usd_oz,480.0
1981-06-01,gold_usd_oz,461.0
1981-07-01,gold_usd_oz,409.0
1981-08-01,gold_usd_oz,410.0
1981-09-01,gold_usd_oz,444.0
1981-10-01,gold_usd_oz,438.0
1981-11-01,gold_usd_oz,413.0
1981-12-01,gold_usd_oz,410.0
1982-01-01,gold_usd_oz,384.0
1982-02-01,gold_usd_oz,374.0
1982-03-01,gold_usd_oz,330.0
1982-04-01,gold_usd_oz,350.0
1982-05-01,gold_usd_oz,334.0
1982-06-01,gold_usd_oz,315.0
1982-07-01,gold_usd_oz,339.0
1982-08-01,gold_usd_oz,364.0
1982-09-01,gold_usd_oz,437.0
1982-10-01,gold_usd_oz,422.0
1982-11-01,gold_usd_oz,415.0
1982-12-01,gold_usd_oz,445.0
1983-01-01,gold_usd_oz,481.0
1983-02-01,gold_usd_oz,491.0
1983-03-01,gold_usd_oz,420.0
1983-04-01,gold_usd_oz,433.0
1983-05-01,gold_usd_oz,438.0
1983-06-01,gold_usd_oz,413.0
1983-07-01,gold_usd_oz,403.0
1983-08-01,gold_usd_oz,416.0
1983-09-01,gold_usd_oz,412.0
1983-10-01,gold_usd_oz,394.0
1983-11-01,gold_usd_oz,382.0
1983-12-01,gold_usd_oz,388.0
1984-01-01,gold_usd_oz,371.0
1984-02-01,gold_usd_oz,386.0
1984-03-01,gold_usd_oz,394.0
1984-04-01,gold_usd_oz,381.0
1984-05-01,gold_usd_oz,377.0
1984-06-01,gold_usd_oz,378.0
1984-07-01,gold_usd_oz,348.0
1984-08-01,gold_usd_oz,348.0
1984-09-01,gold_usd_oz,340.0
1984-10-01,gold_usd_oz,341.0
1984-11-01,gold_usd_oz,342.0
1984-12-01,gold_usd_oz,320.0
1985-01-01,gold_usd_oz,303.0
1985-02-01,gold_usd_oz,299.0
1985-03-01,gold_usd_oz,314.0
1985-04-01,gold_usd_oz,327.0
1985-05-01,gold_usd_oz,316.0
1985-06-01,gold_usd_oz,317.0
1985-07-01,gold_usd_oz,317.0
1985-08-01,gold_usd_oz,330.0
1985-09-01,gold_usd_oz,323.0
1985-10-01,gold_usd_oz,326.0
1985-11-01,gold_usd_oz,322.0
1985-12-01,gold_usd_oz,322.0
1986-01-01,gold_usd_oz,347.0
1986-02-01,gold_usd_oz,339.0
1986-03-01,gold_usd_oz,346.0
1986-04-01,gold_usd_oz,340.0
1986-05-01,gold_usd_oz,342.0
1986-06-01,gold_usd_oz,343.0
1986-07-01,gold_usd_oz,348.0
1986-08-01,gold_usd_oz,377.0
1986-09-01,gold_usd_oz,418.0
1986-10-01,gold_usd_oz,424.0
1986-11-01,gold_usd_oz,398.0
1986-12-01,gold_usd_oz,391.0
1987-01-01,gold_usd_oz,408.0
1987-02-01,gold_usd_oz,401.0
1987-03-01,gold_usd_oz,409.0
1987-04-01,gold_usd_oz,438.0
1987-05-01,gold_usd_oz,460.0
1987-06-01,gold_usd_oz,450.0
1987-07-01,gold_usd_oz,451.0
1987-08-01,gold_usd_oz,461.0
1987-09-01,gold_usd_oz,460.0
1987-10-01,gold_usd_oz,465.0
1987-11-01,gold_usd_oz,468.0
1987-12-01,gold_usd_oz,486.0
1988-01-01,gold_usd_oz,477.0
1988-02-01,gold_usd_oz,442.0
1988-03-01,gold_usd_oz,444.0
1988-04-01,gold_usd_oz,452.0
1988-05-01,gold_usd_oz,451.0
1988-06-01,gold_usd_oz,451.0
1988-07-01,gold_usd_oz,438.0
1988-08-01,gold_usd_oz,431.0
1988-09-01,gold_usd_oz,413.0
1988-10-01,gold_usd_oz,407.0
1988-11-01,gold_usd_oz,420.0
1988-12-01,gold_usd_oz,419.0
1989-01-01,gold_usd_oz,404.0
1989-02-01,gold_usd_oz,388.0
1989-03-01,gold_usd_oz,390.0
1989-04-01,gold_usd_oz,384.0
1989-05-01,gold_usd_oz,371.0
1989-06-01,gold_usd_oz,368.0
1989-07-01,gold_usd_oz,375.0
1989-08-01,gold_usd_oz,365.0
1989-09-01,gold_usd_oz,362.0
1989-10-01,gold_usd_oz,367.0
1989-11-01,gold_usd_oz,394.0
1989-12-01,gold_usd_oz,409.39
1990-01-01,gold_usd_oz,410.0
1990-02-01,gold_usd_oz,417.0
1990-03-01,gold_usd_oz,393.0
1990-04-01,gold_usd_oz,374.0
1990-05-01,gold_usd_oz,369.0
1990-06-01,gold_usd_oz,352.0
1990-07-01,gold_usd_oz,363.0
1990-08-01,gold_usd_oz,395.0
1990-09-01,gold_usd_oz,389.0
1990-10-01,gold_usd_oz,381.0
1990-11-01,gold_usd_oz,382.0
1990-12-01,gold_usd_oz,377.0
1991-01-01,gold_usd_oz,384.0
1991-02-01,gold_usd_oz,364.0
1991-03-01,gold_usd_oz,363.0
1991-04-01,gold_usd_oz,358.0
1991-05-01,gold_usd_oz,357.0
1991-06-01,gold_usd_oz,367.0
1991-07-01,gold_usd_oz,368.0
1991-08-01,gold_usd_oz,356.0
1991-09-01,gold_usd_oz,349.0
1991-10-01,gold_usd_oz,359.0
1991-11-01,gold_usd_oz,360.0
1991-12-01,gold_usd_oz,362.0
1992-01-01,gold_usd_oz,354.0
1992-02-01,gold_usd_oz,354.0
1992-03-01,gold_usd_oz,344.0
1992-04-01,gold_usd_oz,339.0
1992-05-01,gold_usd_oz,337.0
1992-06-01,gold_usd_oz,341.0
1992-07-01,gold_usd_oz,353.0
1992-08-01,gold_usd_oz,343.0
1992-09-01,gold_usd_oz,345.0
1992-10-01,gold_usd_oz,344.0
1992-11-01,gold_usd_oz,335.0
1992-12-01,gold_usd_oz,335.0
1993-01-01,gold_usd_oz,329.0
1993-02-01,gold_usd_oz,329.0
1993-03-01,gold_usd_oz,330.0
1993-04-01,gold_usd_oz,342.0
1993-05-01,gold_usd_oz,367.0
1993-06-01,gold_usd_oz,372.0
1993-07-01,gold_usd_oz,392.0
1993-08-01,gold_usd_oz,379.0
1993-09-01,gold_usd_oz,355.0
1993-10-01,gold_usd_oz,364.0
1993-11-01,gold_usd_oz,374.0
1993-12-01,gold_usd_oz,383.0
1994-01-01,gold_usd_oz,387.0
1994-02-01,gold_usd_oz,382.0
1994-03-01,gold_usd_oz,384.0
1994-04-01,gold_usd_oz,377.0
1994-05-01,gold_usd_oz,381.0
1994-06-01,gold_usd_oz,386.0
1994-07-01,gold_usd_oz,385.0
1994-08-01,gold_usd_oz,380.0
1994-09-01,gold_usd_oz,392.0
1994-10-01,gold_usd_oz,390.0
1994-11-01,gold_usd_oz,384.0
1994-12-01,gold_usd_oz,379.0
1995-01-01,gold_usd_oz,379.0
1995-02-01,gold_usd_oz,377.0
1995-03-01,gold_usd_oz,382.0
1995-04-01,gold_usd_oz,391.0
1995-05-01,gold_usd_oz,385.0
1995-06-01,gold_usd_oz,388.0
1995-07-01,gold_usd_oz,386.0
1995-08-01,gold_usd_oz,384.0
1995-09-01,gold_usd_oz,383.0
1995-10-01,gold_usd_oz,383.0
1995-11-01,gold_usd_oz,385.0
1995-12-01,gold_usd_oz,387.0
1996-01-01,gold_usd_oz,399.0
1996-02-01,gold_usd_oz,405.0
1996-03-01,gold_usd_oz,396.0
1996-04-01,gold_usd_oz,393.0
1996-05-01,gold_usd_oz,392.0
1996-06-01,gold_usd_oz,385.0
1996-07-01,gold_usd_oz,383.0
1996-08-01,gold_usd_oz,387.0
1996-09-01,gold_usd_oz,383.0
1996-10-01,gold_usd_oz,381.0
1996-11-01,gold_usd_oz,378.0
1996-12-01,gold_usd_oz,369.0
1997-01-01,gold_usd_oz,355.0
1997-02-01,gold_usd_oz,347.0
1997-03-01,gold_usd_oz,352.0
1997-04-01,gold_usd_oz,344.0
1997-05-01,gold_usd_oz,344.0
1997-06-01,gold_usd_oz,341.0
1997-07-01,gold_usd_oz,324.0
1997-08-01,gold_usd_oz,324.0
1997-09-01,gold_usd_oz,323.0
1997-10-01,gold_usd_oz,325.0
1997-11-01,gold_usd_oz,306.0
1997-12-01,gold_usd_oz,289.0
1998-01-01,gold_usd_oz,289.0
1998-02-01,gold_usd_oz,297.0
1998-03-01,gold_usd_oz,296.0
1998-04-01,gold_usd_oz,308.0
1998-05-01,gold_usd_oz,299.0
1998-06-01,gold_usd_oz,292.0
1998-07-01,gold_usd_oz,293.0
1998-08-01,gold_usd_oz,284.0
1998-09-01,gold_usd_oz,289.0
1998-10-01,gold_usd_oz,296.0
1998-11-01,gold_usd_oz,294.0
1998-12-01,gold_usd_oz,292.0
1999-01-01,gold_usd_oz,287.0
1999-02-01,gold_usd_oz,287.0
1999-03-01,gold_usd_oz,286.0
1999-04-01,gold_usd_oz,283.0
1999-05-01,gold_usd_oz,276.0
1999-06-01,gold_usd_oz,261.0
1999-07-01,gold_usd_oz,256.0
1999-08-01,gold_usd_oz,257.0
1999-09-01,gold_usd_oz,265.0
1999-10-01,gold_usd_oz,311.0
1999-11-01,gold_usd_oz,293.0
1999-12-01,gold_usd_oz,283.0
2000-01-01,gold_usd_oz,284.0
2000-02-01,gold_usd_oz,300.0
2000-03-01,gold_usd_oz,286.0
2000-04-01,gold_usd_oz,280.0
2000-05-01,gold_usd_oz,275.0
2000-06-01,gold_usd_oz,286.0
2000-07-01,gold_usd_oz,282.0
2000-08-01,gold_usd_oz,274.47
2000-09-01,gold_usd_oz,274.0
2000-10-01,gold_usd_oz,270.0
2000-11-01,gold_usd_oz,266.0
2000-12-01,gold_usd_oz,271.0
2001-01-01,gold_usd_oz,265.0
2001-02-01,gold_usd_oz,262.0
2001-03-01,gold_usd_oz,263.0
2001-04-01,gold_usd_oz,260.0
2001-05-01,gold_usd_oz,272.0
2001-06-01,gold_usd_oz,270.0
2001-07-01,gold_usd_oz,268.0
2001-08-01,gold_usd_oz,272.0
2001-09-01,gold_usd_oz,283.0
2001-10-01,gold_usd_oz,283.0
2001-11-01,gold_usd_oz,276.0
2001-12-01,gold_usd_oz,276.0
2002-01-01,gold_usd_oz,282.0
2002-02-01,gold_usd_oz,296.0
2002-03-01,gold_usd_oz,294.0
2002-04-01,gold_usd_oz,303.0
2002-05-01,gold_usd_oz,314.0
2002-06-01,gold_usd_oz,321.0
2002-07-01,gold_usd_oz,313.0
2002-08-01,gold_usd_oz,310.0
2002-09-01,gold_usd_oz,319.0
2002-10-01,gold_usd_oz,317.0
2002-11-01,gold_usd_oz,319.0
2002-12-01,gold_usd_oz,332.0
2003-01-01,gold_usd_oz,357.0
2003-02-01,gold_usd_oz,359.0
2003-03-01,gold_usd_oz,341.0
2003-04-01,gold_usd_oz,328.0
2003-05-01,gold_usd_oz,356.0
2003-06-01,gold_usd_oz,356.0
2003-07-01,gold_usd_oz,351.0
2003-08-01,gold_usd_oz,360.0
2003-09-01,gold_usd_oz,379.0
2003-10-01,gold_usd_oz,379.0
2003-11-01,gold_usd_oz,390.0
2003-12-01,gold_usd_oz,407.0
2004-01-01,gold_usd_oz,414.0
2004-02-01,gold_usd_oz,405.0
2004-03-01,gold_usd_oz,407.0
2004-04-01,gold_usd_oz,403.0
2004-05-01,gold_usd_oz,384.0
2004-06-01,gold_usd_oz,392.0
2004-07-01,gold_usd_oz,398.0
2004-08-01,gold_usd_oz,401.0
2004-09-01,gold_usd_oz,405.0
2004-10-01,gold_usd_oz,420.0
2004-11-01,gold_usd_oz,439.0
2004-12-01,gold_usd_oz,442.0
2005-01-01,gold_usd_oz,424.0
2005-02-01,gold_usd_oz,423.0
2005-03-01,gold_usd_oz,434.0
2005-04-01,gold_usd_oz,429.0
2005-05-01,gold_usd_oz,422.0
2005-06-01,gold_usd_oz,431.0
2005-07-01,gold_usd_oz,424.0
2005-08-01,gold_usd_oz,438.0
2005-09-01,gold_usd_oz,456.0
2005-10-01,gold_usd_oz,470.0
2005-11-01,gold_usd_oz,477.0
2005-12-01,gold_usd_oz,510.0
2006-01-01,gold_usd_oz,550.0
2006-02-01,gold_usd_oz,555.0
2006-03-01,gold_usd_oz,557.0
2006-04-01,gold_usd_oz,611.0
2006-05-01,gold_usd_oz,675.0
2006-06-01,gold_usd_oz,596.0
2006-07-01,gold_usd_oz,634.0
2006-08-01,gold_usd_oz,633.0
2006-09-01,gold_usd_oz,598.0
2006-10-01,gold_usd_oz,586.0
2006-11-01,gold_usd_oz,628.0
2006-12-01,gold_usd_oz,630.0
2007-01-01,gold_usd_oz,631.0
2007-02-01,gold_usd_oz,665.0
2007-03-01,gold_usd_oz,655.0
2007-04-01,gold_usd_oz,679.0
2007-05-01,gold_usd_oz,667.0
2007-06-01,gold_usd_oz,656.0
2007-07-01,gold_usd_oz,665.0
2007-08-01,gold_usd_oz,665.0
2007-09-01,gold_usd_oz,713.0
2007-10-01,gold_usd_oz,755.0
2007-11-01,gold_usd_oz,806.0
2007-12-01,gold_usd_oz,803.0
2008-01-01,gold_usd_oz,890.0
2008-02-01,gold_usd_oz,922.0
2008-03-01,gold_usd_oz,968.0
2008-04-01,gold_usd_oz,910.0
2008-05-01,gold_usd_oz,889.0
2008-06-01,gold_usd_oz,889.0
2008-07-01,gold_usd_oz,940.0
2008-08-01,gold_usd_oz,839.0
2008-09-01,gold_usd_oz,830.0
2008-10-01,gold_usd_oz,807.0
2008-11-01,gold_usd_oz,761.0
2008-12-01,gold_usd_oz,816.0
2009-01-01,gold_usd_oz,859.0
2009-02-01,gold_usd_oz,943.0
2009-03-01,gold_usd_oz,924.0
2009-04-01,gold_usd_oz,890.0
2009-05-01,gold_usd_oz,929.0
2009-06-01,gold_usd_oz,946.0
2009-07-01,gold_usd_oz,934.0
2009-08-01,gold_usd_oz,949.0
2009-09-01,gold_usd_oz,997.0
2009-10-01,gold_usd_oz,1043.0
2009-11-01,gold_usd_oz,1127.0
2009-12-01,gold_usd_oz,1135.0
2010-01-01,gold_usd_oz,1118.0
2010-02-01,gold_usd_oz,1095.0
2010-03-01,gold_usd_oz,1113.0
2010-04-01,gold_usd_oz,1149.0
2010-05-01,gold_usd_oz,1205.0
2010-06-01,gold_usd_oz,1233.0
2010-07-01,gold_usd_oz,1193.0
2010-08-01,gold_usd_oz,1216.0
2010-09-01,gold_usd_oz,1271.0
2010-10-01,gold_usd_oz,1342.0
2010-11-01,gold_usd_oz,1370.0
2010-12-01,gold_usd_oz,1391.0
2011-01-01,gold_usd_oz,1360.0
2011-02-01,gold_usd_oz,1375.0
2011-03-01,gold_usd_oz,1423.0
2011-04-01,gold_usd_oz,1481.0
2011-05-01,gold_usd_oz,1513.0
2011-06-01,gold_usd_oz,1529.0
2011-07-01,gold_usd_oz,1573.0
2011-08-01,gold_usd_oz,1759.0
2011-09-01,gold_usd_oz,1772.0
2011-10-01,gold_usd_oz,1666.0
2011-11-01,gold_usd_oz,1739.0
2011-12-01,gold_usd_oz,1640.0
2012-01-01,gold_usd_oz,1654.0
2012-02-01,gold_usd_oz,1745.0
2012-03-01,gold_usd_oz,1676.0
2012-04-01,gold_usd_oz,1649.0
2012-05-01,gold_usd_oz,1589.0
2012-06-01,gold_usd_oz,1599.0
2012-07-01,gold_usd_oz,1594.0
2012-08-01,gold_usd_oz,1630.0
2012-09-01,gold_usd_oz,1745.0
2012-10-01,gold_usd_oz,1747.0
2012-11-01,gold_usd_oz,1722.0
2012-12-01,gold_usd_oz,1685.0
2013-01-01,gold_usd_oz,1672.0
2013-02-01,gold_usd_oz,1628.0
2013-03-01,gold_usd_oz,1593.0
2013-04-01,gold_usd_oz,1488.0
2013-05-01,gold_usd_oz,1414.0
2013-06-01,gold_usd_oz,1343.0
2013-07-01,gold_usd_oz,1286.0
2013-08-01,gold_usd_oz,1352.0
2013-09-01,gold_usd_oz,1349.0
2013-10-01,gold_usd_oz,1317.0
2013-11-01,gold_usd_oz,1276.0
2013-12-01,gold_usd_oz,1222.0
2014-01-01,gold_usd_oz,1244.0
2014-02-01,gold_usd_oz,1300.0
2014-03-01,gold_usd_oz,1336.0
2014-04-01,gold_usd_oz,1298.0
2014-05-01,gold_usd_oz,1289.0
2014-06-01,gold_usd_oz,1279.0
2014-07-01,gold_usd_oz,1311.0
2014-08-01,gold_usd_oz,1295.0
2014-09-01,gold_usd_oz,1237.0
2014-10-01,gold_usd_oz,1222.0
2014-11-01,gold_usd_oz,1175.0
2014-12-01,gold_usd_oz,1201.0
2015-01-01,gold_usd_oz,1251.0
2015-02-01,gold_usd_oz,1227.0
2015-03-01,gold_usd_oz,1179.0
2015-04-01,gold_usd_oz,1199.0
2015-05-01,gold_usd_oz,1199.0
2015-06-01,gold_usd_oz,1182.0
2015-07-01,gold_usd_oz,1128.0
2015-08-01,gold_usd_oz,1118.0
2015-09-01,gold_usd_oz,1125.0
2015-10-01,gold_usd_oz,1159.0
2015-11-01,gold_usd_oz,1086.0
2015-12-01,gold_usd_oz,1076.0
2016-01-01,gold_usd_oz,1098.0
2016-02-01,gold_usd_oz,1200.0
2016-03-01,gold_usd_oz,1245.0
2016-04-01,gold_usd_oz,1242.0
2016-05-01,gold_usd_oz,1261.0
2016-06-01,gold_usd_oz,1276.0
2016-07-01,gold_usd_oz,1337.0
2016-08-01,gold_usd_oz,1340.0
2016-09-01,gold_usd_oz,1327.0
2016-10-01,gold_usd_oz,1267.0
2016-11-01,gold_usd_oz,1238.0
2016-12-01,gold_usd_oz,1157.0
2017-01-01,gold_usd_oz,1192.0
2017-02-01,gold_usd_oz,1234.0
2017-03-01,gold_usd_oz,1231.0
2017-04-01,gold_usd_oz,1267.0
2017-05-01,gold_usd_oz,1246.0
2017-06-01,gold_usd_oz,1260.0
2017-07-01,gold_usd_oz,1237.0
2017-08-01,gold_usd_oz,1283.0
2017-09-01,gold_usd_oz,1314.0
2017-10-01,gold_usd_oz,1280.0
2017-11-01,gold_usd_oz,1282.0
2017-12-01,gold_usd_oz,1264.0
2018-01-01,gold_usd_oz,1331.0
2018-02-01,gold_usd_oz,1331.0
2018-03-01,gold_usd_oz,1325.0
2018-04-01,gold_usd_oz,1335.0
2018-05-01,gold_usd_oz,1303.0
2018-06-01,gold_usd_oz,1282.0
2018-07-01,gold_usd_oz,1238.0
2018-08-01,gold_usd_oz,1202.0
2018-09-01,gold_usd_oz,1198.0
2018-10-01,gold_usd_oz,1215.0
2018-11-01,gold_usd_oz,1221.0
2018-12-01,gold_usd_oz,1250.0
2019-01-01,gold_usd_oz,1292.0
2019-02-01,gold_usd_oz,1320.0
2019-03-01,gold_usd_oz,1301.0
2019-04-01,gold_usd_oz,1286.0
2019-05-01,gold_usd_oz,1284.0
2019-06-01,gold_usd_oz,1359.0
2019-07-01,gold_usd_oz,1413.0
2019-08-01,gold_usd_oz,1500.0
2019-09-01,gold_usd_oz,1511.0
2019-10-01,gold_usd_oz,1495.0
2019-11-01,gold_usd_oz,1471.0
2019-12-01,gold_usd_oz,1479.0
2020-01-01,gold_usd_oz,1561.0
2020-02-01,gold_usd_oz,1597.0
2020-03-01,gold_usd_oz,1592.0
2020-04-01,gold_usd_oz,1683.0
2020-05-01,gold_usd_oz,1716.0
2020-06-01,gold_usd_oz,1732.0
2020-07-01,gold_usd_oz,1847.0
2020-08-01,gold_usd_oz,1969.0
2020-09-01,gold_usd_oz,1922.0
2020-10-01,gold_usd_oz,1900.0
2020-11-01,gold_usd_oz,1866.0
2020-12-01,gold_usd_oz,1858.0
2021-01-01,gold_usd_oz,1867.0
2021-02-01,gold_usd_oz,1808.0
2021-03-01,gold_usd_oz,1718.0
2021-04-01,gold_usd_oz,1760.0
2021-05-01,gold_usd_oz,1850.0
2021-06-01,gold_usd_oz,1835.0
2021-07-01,gold_usd_oz,1808.0
2021-08-01,gold_usd_oz,1785.0
2021-09-01,gold_usd_oz,1775.0
2021-10-01,gold_usd_oz,1777.0
2021-11-01,gold_usd_oz,1822.0
2021-12-01,gold_usd_oz,1790.0
2022-01-01,gold_usd_oz,1816.0
2022-02-01,gold_usd_oz,1856.0
2022-03-01,gold_usd_oz,1948.0
2022-04-01,gold_usd_oz,1937.0
2022-05-01,gold_usd_oz,1849.0
2022-06-01,gold_usd_oz,1837.0
2022-07-01,gold_usd_oz,1733.0
2022-08-01,gold_usd_oz,1765.0
2022-09-01,gold_usd_oz,1681.0
2022-10-01,gold_usd_oz,1664.0
2022-11-01,gold_usd_oz,1725.0
2022-12-01,gold_usd_oz,1798.0
2023-01-01,gold_usd_oz,1898.0
2023-02-01,gold_usd_oz,1855.0
2023-03-01,gold_usd_oz,1913.0
2023-04-01,gold_usd_oz,2000.0
2023-05-01,gold_usd_oz,1992.0
2023-06-01,gold_usd_oz,1943.0
2023-07-01,gold_usd_oz,1951.0
2023-08-01,gold_usd_oz,1919.0
2023-09-01,gold_usd_oz,1916.0
2023-10-01,gold_usd_oz,1916.0
2023-11-01,gold_usd_oz,1984.0
2023-12-01,gold_usd_oz,2026.0
2024-01-01,gold_usd_oz,2034.0
2024-02-01,gold_usd_oz,2023.0
2024-03-01,gold_usd_oz,2158.0
2024-04-01,gold_usd_oz,2331.0
2024-05-01,gold_usd_oz,2351.0
2024-06-01,gold_usd_oz,2326.0
2024-07-01,gold_usd_oz,2398.0
2024-08-01,gold_usd_oz,2470.0
2024-09-01,gold_usd_oz,2571.0
2024-10-01,gold_usd_oz,2690.0
2024-11-01,gold_usd_oz,2651.0
2024-12-01,gold_usd_oz,2648.0
2025-01-01,gold_usd_oz,2710.0
2025-02-01,gold_usd_oz,2895.0
2025-03-01,gold_usd_oz,2983.0
2025-04-01,gold_usd_oz,3218.0
2025-05-01,gold_usd_oz,3309.0
2025-06-01,gold_usd_oz,3353.0
2025-07-01,gold_usd_oz,3340.0
2025-08-01,gold_usd_oz,3368.0
2025-09-01,gold_usd_oz,3668.0
2025-10-01,gold_usd_oz,4058.0
2025-11-01,gold_usd_oz,4087.0
2025-12-01,gold_usd_oz,4309.0
2026-01-01,gold_usd_oz,4753.0
2026-02-01,gold_usd_oz,5020.0
2026-03-01,gold_usd_oz,4856.0
2026-04-01,gold_usd_oz,4721.0
2026-05-01,gold_usd_oz,4587.0
2026-06-01,gold_usd_oz,4228.0
2026-07-01,gold_usd_oz,4073.0
2026-08-01,gold_usd_oz,4411.0
2026-09-01,gold_usd_oz,4319.0
1953-02-01,house_price_gbp,1891.0
1953-05-01,house_price_gbp,1891.0
1953-08-01,house_price_gbp,1881.0
1953-11-01,house_price_gbp,1872.0
1954-02-01,house_price_gbp,1863.0
1954-05-01,house_price_gbp,1872.0
1954-08-01,house_price_gbp,1863.0
1954-11-01,house_price_gbp,1853.0
1955-02-01,house_price_gbp,1900.0
1955-05-01,house_price_gbp,1937.0
1955-08-01,house_price_gbp,1937.0
1955-11-01,house_price_gbp,1937.0
1956-02-01,house_price_gbp,1975.0
1956-05-01,house_price_gbp,2003.0
1956-08-01,house_price_gbp,2003.0
1956-11-01,house_price_gbp,2003.0
1957-02-01,house_price_gbp,2021.0
1957-05-01,house_price_gbp,2021.0
1957-08-01,house_price_gbp,2030.0
1957-11-01,house_price_gbp,2030.0
1958-02-01,house_price_gbp,2049.0
1958-05-01,house_price_gbp,2049.0
1958-08-01,house_price_gbp,2058.0
1958-11-01,house_price_gbp,2068.0
1959-02-01,house_price_gbp,2077.0
1959-05-01,house_price_gbp,2105.0
1959-08-01,house_price_gbp,2124.0
1959-11-01,house_price_gbp,2170.0
1960-02-01,house_price_gbp,2189.0
1960-05-01,house_price_gbp,2235.0
1960-08-01,house_price_gbp,2301.0
1960-11-01,house_price_gbp,2328.0
1961-02-01,house_price_gbp,2403.0
1961-05-01,house_price_gbp,2440.0
1961-08-01,house_price_gbp,2468.0
1961-11-01,house_price_gbp,2543.0
1962-02-01,house_price_gbp,2552.0
1962-05-01,house_price_gbp,2599.0
1962-08-01,house_price_gbp,2645.0
1962-11-01,house_price_gbp,2673.0
1963-02-01,house_price_gbp,2748.0
1963-05-01,house_price_gbp,2822.0
1963-08-01,house_price_gbp,2850.0
1963-11-01,house_price_gbp,2943.0
1964-02-01,house_price_gbp,2999.0
1964-05-01,house_price_gbp,3092.0
1964-08-01,house_price_gbp,3139.0
1964-11-01,house_price_gbp,3185.0
1965-02-01,house_price_gbp,3269.0
1965-05-01,house_price_gbp,3344.0
1965-08-01,house_price_gbp,3381.0
1965-11-01,house_price_gbp,3418.0
1966-02-01,house_price_gbp,3465.0
1966-05-01,house_price_gbp,3558.0
1966-08-01,house_price_gbp,3558.0
1966-11-01,house_price_gbp,3586.0
1967-02-01,house_price_gbp,3642.0
1967-05-01,house_price_gbp,3698.0
1967-08-01,house_price_gbp,3763.0
1967-11-01,house_price_gbp,3837.0
1968-02-01,house_price_gbp,3903.0
1968-05-01,house_price_gbp,3996.0
1968-08-01,house_price_gbp,4052.0
1968-11-01,house_price_gbp,4089.0
1969-02-01,house_price_gbp,4145.0
1969-05-01,house_price_gbp,4201.0
1969-08-01,house_price_gbp,4229.0
1969-11-01,house_price_gbp,4312.0
1970-02-01,house_price_gbp,4378.0
1970-05-01,house_price_gbp,4452.0
1970-08-01,house_price_gbp,4508.0
1970-11-01,house_price_gbp,4582.0
1971-02-01,house_price_gbp,4741.0
1971-05-01,house_price_gbp,4908.0
1971-08-01,house_price_gbp,5244.0
1971-11-01,house_price_gbp,5533.0
1972-02-01,house_price_gbp,6008.0
1972-05-01,house_price_gbp,6557.0
1972-08-01,house_price_gbp,7395.0
1972-11-01,house_price_gbp,7880.0
1973-02-01,house_price_gbp,8396.0
1973-05-01,house_price_gbp,8832.0
1973-08-01,house_price_gbp,9183.0
1973-11-01,house_price_gbp,9767.0
1974-02-01,house_price_gbp,9928.0
1974-05-01,house_price_gbp,10027.0
1974-08-01,house_price_gbp,10148.0
1974-11-01,house_price_gbp,10208.0
1975-02-01,house_price_gbp,10388.0
1975-05-01,house_price_gbp,10728.0
1975-08-01,house_price_gbp,10978.0
1975-11-01,house_price_gbp,11288.0
1976-02-01,house_price_gbp,11519.0
1976-05-01,house_price_gbp,11739.0
1976-08-01,house_price_gbp,11999.0
1976-11-01,house_price_gbp,12209.0
1977-02-01,house_price_gbp,12409.0
1977-05-01,house_price_gbp,12689.0
1977-08-01,house_price_gbp,12970.0
1977-11-01,house_price_gbp,13150.0
1978-02-01,house_price_gbp,13820.0
1978-05-01,house_price_gbp,14491.0
1978-08-01,house_price_gbp,15912.0
1978-11-01,house_price_gbp,16823.0
1979-02-01,house_price_gbp,17793.0
1979-05-01,house_price_gbp,19075.0
1979-08-01,house_price_gbp,20485.0
1979-11-01,house_price_gbp,21966.0
1980-02-01,house_price_gbp,22677.0
1980-05-01,house_price_gbp,23348.0
1980-08-01,house_price_gbp,23628.0
1980-11-01,house_price_gbp,23497.0
1981-02-01,house_price_gbp,23730.0
1981-05-01,house_price_gbp,24098.0
1981-08-01,house_price_gbp,24188.0
1981-11-01,house_price_gbp,23798.0
1982-02-01,house_price_gbp,24177.0
1982-05-01,house_price_gbp,24679.0
1982-08-01,house_price_gbp,24969.0
1982-11-01,house_price_gbp,25580.0
1983-02-01,house_price_gbp,26307.0
1983-05-01,house_price_gbp,27386.0
1983-08-01,house_price_gbp,28175.0
1983-11-01,house_price_gbp,28623.0
1984-02-01,house_price_gbp,29675.0
1984-05-01,house_price_gbp,30833.0
1984-08-01,house_price_gbp,31254.0
1984-11-01,house_price_gbp,32543.0
1985-02-01,house_price_gbp,33200.0
1985-05-01,house_price_gbp,34174.0
1985-08-01,house_price_gbp,34700.0
1985-11-01,house_price_gbp,35436.0
1986-02-01,house_price_gbp,35647.0
1986-05-01,house_price_gbp,37015.0
1986-08-01,house_price_gbp,38251.0
1986-11-01,house_price_gbp,39593.0
1987-02-01,house_price_gbp,40882.0
1987-05-01,house_price_gbp,42987.0
1987-08-01,house_price_gbp,44434.0
1987-11-01,house_price_gbp,44355.0
1988-02-01,house_price_gbp,45091.0
1988-05-01,house_price_gbp,48932.0
1988-08-01,house_price_gbp,54352.0
1988-11-01,house_price_gbp,57245.0
1989-02-01,house_price_gbp,59534.0
1989-05-01,house_price_gbp,62244.0
1989-08-01,house_price_gbp,62782.0
1989-11-01,house_price_gbp,61495.0
1990-02-01,house_price_gbp,59587.0
1990-05-01,house_price_gbp,58982.0
1990-08-01,house_price_gbp,57245.0
1990-11-01,house_price_gbp,54919.0
1991-02-01,house_price_gbp,54547.0
1991-05-01,house_price_gbp,55418.0
1991-08-01,house_price_gbp,54903.0
1991-11-01,house_price_gbp,53635.0
1992-02-01,house_price_gbp,52187.0
1992-05-01,house_price_gbp,52663.0
1992-08-01,house_price_gbp,52243.0
1992-11-01,house_price_gbp,50168.0
1993-02-01,house_price_gbp,50128.0
1993-05-01,house_price_gbp,51918.0
1993-08-01,house_price_gbp,51746.0
1993-11-01,house_price_gbp,51050.0
1994-02-01,house_price_gbp,51327.0
1994-05-01,house_price_gbp,51362.0
1994-08-01,house_price_gbp,51731.0
1994-11-01,house_price_gbp,52114.0
1995-02-01,house_price_gbp,51084.0
1995-05-01,house_price_gbp,51633.0
1995-08-01,house_price_gbp,51334.0
1995-11-01,house_price_gbp,50930.0
1996-02-01,house_price_gbp,51367.0
1996-05-01,house_price_gbp,53032.0
1996-08-01,house_price_gbp,54008.0
1996-11-01,house_price_gbp,55169.0
1997-02-01,house_price_gbp,55810.0
1997-05-01,house_price_gbp,58403.0
1997-08-01,house_price_gbp,60754.0
1997-11-01,house_price_gbp,61830.0
1998-02-01,house_price_gbp,62903.0
1998-05-01,house_price_gbp,65221.0
1998-08-01,house_price_gbp,66366.0
1998-11-01,house_price_gbp,66313.0
1999-02-01,house_price_gbp,67478.0
1999-05-01,house_price_gbp,70010.0
1999-08-01,house_price_gbp,72362.0
1999-11-01,house_price_gbp,74638.0
2000-02-01,house_price_gbp,77698.0
2000-05-01,house_price_gbp,81202.0
2000-08-01,house_price_gbp,80935.0
2000-11-01,house_price_gbp,81628.0
2001-02-01,house_price_gbp,83976.0
2001-05-01,house_price_gbp,87638.0
2001-08-01,house_price_gbp,91049.0
2001-11-01,house_price_gbp,92533.0
2002-02-01,house_price_gbp,95356.0
2002-05-01,house_price_gbp,103501.0
2002-08-01,house_price_gbp,110830.0
2002-11-01,house_price_gbp,115940.0
2003-02-01,house_price_gbp,119938.0
2003-05-01,house_price_gbp,125382.0
2003-08-01,house_price_gbp,129761.0
2003-11-01,house_price_gbp,133903.0
2004-02-01,house_price_gbp,140225.0
2004-05-01,house_price_gbp,148462.0
2004-08-01,house_price_gbp,153482.0
2004-11-01,house_price_gbp,152464.0
2005-02-01,house_price_gbp,152790.0
2005-05-01,house_price_gbp,157494.0
2005-08-01,house_price_gbp,157627.0
2005-11-01,house_price_gbp,157387.0
2006-02-01,house_price_gbp,160319.0
2006-05-01,house_price_gbp,165035.0
2006-08-01,house_price_gbp,168460.0
2006-11-01,house_price_gbp,172065.0
2007-02-01,house_price_gbp,175554.0
2007-05-01,house_price_gbp,181810.0
2007-08-01,house_price_gbp,184131.0
2007-11-01,house_price_gbp,183959.0
2008-02-01,house_price_gbp,179363.0
2008-05-01,house_price_gbp,174514.0
2008-08-01,house_price_gbp,165188.0
2008-11-01,house_price_gbp,156828.0
2009-02-01,house_price_gbp,149709.0
2009-05-01,house_price_gbp,154066.0
2009-08-01,house_price_gbp,160159.0
2009-11-01,house_price_gbp,162116.0
2010-02-01,house_price_gbp,162887.0
2010-05-01,house_price_gbp,168719.0
2010-08-01,house_price_gbp,167354.0
2010-11-01,house_price_gbp,162971.0
2011-02-01,house_price_gbp,162379.0
2011-05-01,house_price_gbp,166764.0
2011-08-01,house_price_gbp,166597.0
2011-11-01,house_price_gbp,164785.0
2012-02-01,house_price_gbp,162722.0
2012-05-01,house_price_gbp,164955.0
2012-08-01,house_price_gbp,163910.0
2012-11-01,house_price_gbp,162924.0
2013-02-01,house_price_gbp,163056.0
2013-05-01,house_price_gbp,167294.0
2013-08-01,house_price_gbp,170918.0
2013-11-01,house_price_gbp,174444.0
2014-02-01,house_price_gbp,178124.0
2014-05-01,house_price_gbp,186544.0
2014-08-01,house_price_gbp,188810.0
2014-11-01,house_price_gbp,189002.0
2015-02-01,house_price_gbp,188566.0
2015-05-01,house_price_gbp,194258.0
2015-08-01,house_price_gbp,195733.0
2015-11-01,house_price_gbp,197044.0
2016-02-01,house_price_gbp,198564.0
2016-05-01,house_price_gbp,204238.0
2016-08-01,house_price_gbp,206346.0
2016-11-01,house_price_gbp,205937.0
2017-02-01,house_price_gbp,206665.0
2017-05-01,house_price_gbp,209971.0
2017-08-01,house_price_gbp,211672.0
2017-11-01,house_price_gbp,211433.0
2018-02-01,house_price_gbp,211792.0
2018-05-01,house_price_gbp,214578.0
2018-08-01,house_price_gbp,216103.0
2018-11-01,house_price_gbp,214178.0
2019-02-01,house_price_gbp,212694.0
2019-05-01,house_price_gbp,215910.0
2019-08-01,house_price_gbp,216805.0
2019-11-01,house_price_gbp,215925.0
2020-02-01,house_price_gbp,217911.0
2020-05-01,house_price_gbp,220133.0
2020-08-01,house_price_gbp,224337.0
2020-11-01,house_price_gbp,229819.0
2021-02-01,house_price_gbp,231644.0
2021-05-01,house_price_gbp,242709.0
2021-08-01,house_price_gbp,247535.0
2021-11-01,house_price_gbp,253113.0
2022-02-01,house_price_gbp,260771.0
2022-05-01,house_price_gbp,270452.0
2022-08-01,house_price_gbp,273135.0
2022-11-01,house_price_gbp,265195.0
2023-02-01,house_price_gbp,258115.0
2023-05-01,house_price_gbp,261995.0
2023-08-01,house_price_gbp,260181.0
2023-11-01,house_price_gbp,259157.0
2024-02-01,house_price_gbp,260791.0
2024-05-01,house_price_gbp,265012.0
2024-08-01,house_price_gbp,266640.0
2024-11-01,house_price_gbp,268518.0
2025-02-01,house_price_gbp,270867.0
2025-05-01,house_price_gbp,272751.0
1953-11-01,house_price_yoy_pct,-1.0
1954-02-01,house_price_yoy_pct,-1.5
1954-05-01,house_price_yoy_pct,-1.0
1954-08-01,house_price_yoy_pct,-1.0
1954-11-01,house_price_yoy_pct,-1.0
1955-02-01,house_price_yoy_pct,2.0
1955-05-01,house_price_yoy_pct,3.5
1955-08-01,house_price_yoy_pct,4.0
1955-11-01,house_price_yoy_pct,4.5
1956-02-01,house_price_yoy_pct,3.9
1956-05-01,house_price_yoy_pct,3.4
1956-08-01,house_price_yoy_pct,3.4
1956-11-01,house_price_yoy_pct,3.4
1957-02-01,house_price_yoy_pct,2.4
1957-05-01,house_price_yoy_pct,0.9
1957-08-01,house_price_yoy_pct,1.4
1957-11-01,house_price_yoy_pct,1.4
1958-02-01,house_price_yoy_pct,1.4
1958-05-01,house_price_yoy_pct,1.4
1958-08-01,house_price_yoy_pct,1.4
1958-11-01,house_price_yoy_pct,1.8
1959-02-01,house_price_yoy_pct,1.4
1959-05-01,house_price_yoy_pct,2.7
1959-08-01,house_price_yoy_pct,3.2
1959-11-01,house_price_yoy_pct,5.0
1960-02-01,house_price_yoy_pct,5.4
1960-05-01,house_price_yoy_pct,6.2
1960-08-01,house_price_yoy_pct,8.3
1960-11-01,house_price_yoy_pct,7.3
1961-02-01,house_price_yoy_pct,9.8
1961-05-01,house_price_yoy_pct,9.2
1961-08-01,house_price_yoy_pct,7.3
1961-11-01,house_price_yoy_pct,9.2
1962-02-01,house_price_yoy_pct,6.2
1962-05-01,house_price_yoy_pct,6.5
1962-08-01,house_price_yoy_pct,7.2
1962-11-01,house_price_yoy_pct,5.1
1963-02-01,house_price_yoy_pct,7.7
1963-05-01,house_price_yoy_pct,8.6
1963-08-01,house_price_yoy_pct,7.7
1963-11-01,house_price_yoy_pct,10.1
1964-02-01,house_price_yoy_pct,9.2
1964-05-01,house_price_yoy_pct,9.6
1964-08-01,house_price_yoy_pct,10.1
1964-11-01,house_price_yoy_pct,8.2
1965-02-01,house_price_yoy_pct,9.0
1965-05-01,house_price_yoy_pct,8.1
1965-08-01,house_price_yoy_pct,7.7
1965-11-01,house_price_yoy_pct,7.3
1966-02-01,house_price_yoy_pct,6.0
1966-05-01,house_price_yoy_pct,6.4
1966-08-01,house_price_yoy_pct,5.2
1966-11-01,house_price_yoy_pct,4.9
1967-02-01,house_price_yoy_pct,5.1
1967-05-01,house_price_yoy_pct,3.9
1967-08-01,house_price_yoy_pct,5.8
1967-11-01,house_price_yoy_pct,7.0
1968-02-01,house_price_yoy_pct,7.2
1968-05-01,house_price_yoy_pct,8.1
1968-08-01,house_price_yoy_pct,7.7
1968-11-01,house_price_yoy_pct,6.6
1969-02-01,house_price_yoy_pct,6.2
1969-05-01,house_price_yoy_pct,5.1
1969-08-01,house_price_yoy_pct,4.4
1969-11-01,house_price_yoy_pct,5.5
1970-02-01,house_price_yoy_pct,5.6
1970-05-01,house_price_yoy_pct,6.0
1970-08-01,house_price_yoy_pct,6.6
1970-11-01,house_price_yoy_pct,6.3
1971-02-01,house_price_yoy_pct,8.3
1971-05-01,house_price_yoy_pct,10.3
1971-08-01,house_price_yoy_pct,16.3
1971-11-01,house_price_yoy_pct,20.7
1972-02-01,house_price_yoy_pct,26.7
1972-05-01,house_price_yoy_pct,33.6
1972-08-01,house_price_yoy_pct,41.0
1972-11-01,house_price_yoy_pct,42.4
1973-02-01,house_price_yoy_pct,39.8
1973-05-01,house_price_yoy_pct,34.7
1973-08-01,house_price_yoy_pct,24.2
1973-11-01,house_price_yoy_pct,24.0
1974-02-01,house_price_yoy_pct,18.2
1974-05-01,house_price_yoy_pct,13.5
1974-08-01,house_price_yoy_pct,10.5
1974-11-01,house_price_yoy_pct,4.5
1975-02-01,house_price_yoy_pct,4.6
1975-05-01,house_price_yoy_pct,7.0
1975-08-01,house_price_yoy_pct,8.2
1975-11-01,house_price_yoy_pct,10.6
1976-02-01,house_price_yoy_pct,10.9
1976-05-01,house_price_yoy_pct,9.4
1976-08-01,house_price_yoy_pct,9.3
1976-11-01,house_price_yoy_pct,8.2
1977-02-01,house_price_yoy_pct,7.7
1977-05-01,house_price_yoy_pct,8.1
1977-08-01,house_price_yoy_pct,8.1
1977-11-01,house_price_yoy_pct,7.7
1978-02-01,house_price_yoy_pct,11.4
1978-05-01,house_price_yoy_pct,14.2
1978-08-01,house_price_yoy_pct,22.7
1978-11-01,house_price_yoy_pct,27.9
1979-02-01,house_price_yoy_pct,28.7
1979-05-01,house_price_yoy_pct,31.6
1979-08-01,house_price_yoy_pct,28.7
1979-11-01,house_price_yoy_pct,30.6
1980-02-01,house_price_yoy_pct,27.4
1980-05-01,house_price_yoy_pct,22.4
1980-08-01,house_price_yoy_pct,15.3
1980-11-01,house_price_yoy_pct,7.0
1981-02-01,house_price_yoy_pct,4.6
1981-05-01,house_price_yoy_pct,3.2
1981-08-01,house_price_yoy_pct,2.4
1981-11-01,house_price_yoy_pct,1.3
1982-02-01,house_price_yoy_pct,1.9
1982-05-01,house_price_yoy_pct,2.4
1982-08-01,house_price_yoy_pct,3.2
1982-11-01,house_price_yoy_pct,7.5
1983-02-01,house_price_yoy_pct,8.8
1983-05-01,house_price_yoy_pct,11.0
1983-08-01,house_price_yoy_pct,12.8
1983-11-01,house_price_yoy_pct,11.9
1984-02-01,house_price_yoy_pct,12.8
1984-05-01,house_price_yoy_pct,12.6
1984-08-01,house_price_yoy_pct,10.9
1984-11-01,house_price_yoy_pct,13.7
1985-02-01,house_price_yoy_pct,11.9
1985-05-01,house_price_yoy_pct,10.8
1985-08-01,house_price_yoy_pct,11.0
1985-11-01,house_price_yoy_pct,8.9
1986-02-01,house_price_yoy_pct,7.4
1986-05-01,house_price_yoy_pct,8.3
1986-08-01,house_price_yoy_pct,10.2
1986-11-01,house_price_yoy_pct,11.7
1987-02-01,house_price_yoy_pct,14.7
1987-05-01,house_price_yoy_pct,16.1
1987-08-01,house_price_yoy_pct,16.2
1987-11-01,house_price_yoy_pct,12.0
1988-02-01,house_price_yoy_pct,10.3
1988-05-01,house_price_yoy_pct,13.8
1988-08-01,house_price_yoy_pct,22.3
1988-11-01,house_price_yoy_pct,29.1
1989-02-01,house_price_yoy_pct,32.0
1989-05-01,house_price_yoy_pct,27.2
1989-08-01,house_price_yoy_pct,15.5
1989-11-01,house_price_yoy_pct,7.4
1990-02-01,house_price_yoy_pct,0.1
1990-05-01,house_price_yoy_pct,-5.2
1990-08-01,house_price_yoy_pct,-8.8
1990-11-01,house_price_yoy_pct,-10.7
1991-02-01,house_price_yoy_pct,-8.5
1991-05-01,house_price_yoy_pct,-6.0
1991-08-01,house_price_yoy_pct,-4.1
1991-11-01,house_price_yoy_pct,-2.3
1992-02-01,house_price_yoy_pct,-4.3
1992-05-01,house_price_yoy_pct,-5.0
1992-08-01,house_price_yoy_pct,-4.8
1992-11-01,house_price_yoy_pct,-6.5
1993-02-01,house_price_yoy_pct,-3.9
1993-05-01,house_price_yoy_pct,-1.4
1993-08-01,house_price_yoy_pct,-1.0
1993-11-01,house_price_yoy_pct,1.8
1994-02-01,house_price_yoy_pct,2.4
1994-05-01,house_price_yoy_pct,-1.1
1994-08-01,house_price_yoy_pct,-0.0
1994-11-01,house_price_yoy_pct,2.1
1995-02-01,house_price_yoy_pct,-0.5
1995-05-01,house_price_yoy_pct,0.5
1995-08-01,house_price_yoy_pct,-0.8
1995-11-01,house_price_yoy_pct,-2.3
1996-02-01,house_price_yoy_pct,0.6
1996-05-01,house_price_yoy_pct,2.7
1996-08-01,house_price_yoy_pct,5.2
1996-11-01,house_price_yoy_pct,8.3
1997-02-01,house_price_yoy_pct,8.6
1997-05-01,house_price_yoy_pct,10.1
1997-08-01,house_price_yoy_pct,12.5
1997-11-01,house_price_yoy_pct,12.1
1998-02-01,house_price_yoy_pct,12.7
1998-05-01,house_price_yoy_pct,11.7
1998-08-01,house_price_yoy_pct,9.2
1998-11-01,house_price_yoy_pct,7.3
1999-02-01,house_price_yoy_pct,7.3
1999-05-01,house_price_yoy_pct,7.3
1999-08-01,house_price_yoy_pct,9.0
1999-11-01,house_price_yoy_pct,12.6
2000-02-01,house_price_yoy_pct,15.1
2000-05-01,house_price_yoy_pct,16.0
2000-08-01,house_price_yoy_pct,11.8
2000-11-01,house_price_yoy_pct,9.4
2001-02-01,house_price_yoy_pct,8.1
2001-05-01,house_price_yoy_pct,7.9
2001-08-01,house_price_yoy_pct,12.5
2001-11-01,house_price_yoy_pct,13.4
2002-02-01,house_price_yoy_pct,13.6
2002-05-01,house_price_yoy_pct,18.1
2002-08-01,house_price_yoy_pct,21.7
2002-11-01,house_price_yoy_pct,25.3
2003-02-01,house_price_yoy_pct,25.8
2003-05-01,house_price_yoy_pct,21.1
2003-08-01,house_price_yoy_pct,17.1
2003-11-01,house_price_yoy_pct,15.5
2004-02-01,house_price_yoy_pct,16.9
2004-05-01,house_price_yoy_pct,18.4
2004-08-01,house_price_yoy_pct,18.3
2004-11-01,house_price_yoy_pct,13.9
2005-02-01,house_price_yoy_pct,9.0
2005-05-01,house_price_yoy_pct,6.1
2005-08-01,house_price_yoy_pct,2.7
2005-11-01,house_price_yoy_pct,3.2
2006-02-01,house_price_yoy_pct,4.9
2006-05-01,house_price_yoy_pct,4.8
2006-08-01,house_price_yoy_pct,6.9
2006-11-01,house_price_yoy_pct,9.3
2007-02-01,house_price_yoy_pct,9.5
2007-05-01,house_price_yoy_pct,10.2
2007-08-01,house_price_yoy_pct,9.3
2007-11-01,house_price_yoy_pct,6.9
2008-02-01,house_price_yoy_pct,2.2
2008-05-01,house_price_yoy_pct,-4.0
2008-08-01,house_price_yoy_pct,-10.3
2008-11-01,house_price_yoy_pct,-14.7
2009-02-01,house_price_yoy_pct,-16.5
2009-05-01,house_price_yoy_pct,-11.7
2009-08-01,house_price_yoy_pct,-3.0
2009-11-01,house_price_yoy_pct,3.4
2010-02-01,house_price_yoy_pct,8.8
2010-05-01,house_price_yoy_pct,9.5
2010-08-01,house_price_yoy_pct,4.5
2010-11-01,house_price_yoy_pct,0.5
2011-02-01,house_price_yoy_pct,-0.3
2011-05-01,house_price_yoy_pct,-1.2
2011-08-01,house_price_yoy_pct,-0.5
2011-11-01,house_price_yoy_pct,1.1
2012-02-01,house_price_yoy_pct,0.2
2012-05-01,house_price_yoy_pct,-1.1
2012-08-01,house_price_yoy_pct,-1.6
2012-11-01,house_price_yoy_pct,-1.1
2013-02-01,house_price_yoy_pct,0.2
2013-05-01,house_price_yoy_pct,1.4
2013-08-01,house_price_yoy_pct,4.3
2013-11-01,house_price_yoy_pct,7.1
2014-02-01,house_price_yoy_pct,9.2
2014-05-01,house_price_yoy_pct,11.5
2014-08-01,house_price_yoy_pct,10.5
2014-11-01,house_price_yoy_pct,8.3
2015-02-01,house_price_yoy_pct,5.9
2015-05-01,house_price_yoy_pct,4.1
2015-08-01,house_price_yoy_pct,3.7
2015-11-01,house_price_yoy_pct,4.3
2016-02-01,house_price_yoy_pct,5.3
2016-05-01,house_price_yoy_pct,5.1
2016-08-01,house_price_yoy_pct,5.4
2016-11-01,house_price_yoy_pct,4.5
2017-02-01,house_price_yoy_pct,4.1
2017-05-01,house_price_yoy_pct,2.8
2017-08-01,house_price_yoy_pct,2.6
2017-11-01,house_price_yoy_pct,2.7
2018-02-01,house_price_yoy_pct,2.5
2018-05-01,house_price_yoy_pct,2.2
2018-08-01,house_price_yoy_pct,2.1
2018-11-01,house_price_yoy_pct,1.3
2019-02-01,house_price_yoy_pct,0.4
2019-05-01,house_price_yoy_pct,0.6
2019-08-01,house_price_yoy_pct,0.3
2019-11-01,house_price_yoy_pct,0.8
2020-02-01,house_price_yoy_pct,2.5
2020-05-01,house_price_yoy_pct,2.0
2020-08-01,house_price_yoy_pct,3.5
2020-11-01,house_price_yoy_pct,6.4
2021-02-01,house_price_yoy_pct,6.3
2021-05-01,house_price_yoy_pct,10.3
2021-08-01,house_price_yoy_pct,10.3
2021-11-01,house_price_yoy_pct,10.1
2022-02-01,house_price_yoy_pct,12.6
2022-05-01,house_price_yoy_pct,11.4
2022-08-01,house_price_yoy_pct,10.3
2022-11-01,house_price_yoy_pct,4.8
2023-02-01,house_price_yoy_pct,-1.0
2023-05-01,house_price_yoy_pct,-3.1
2023-08-01,house_price_yoy_pct,-4.7
2023-11-01,house_price_yoy_pct,-2.3
2024-02-01,house_price_yoy_pct,1.0
2024-05-01,house_price_yoy_pct,1.2
2024-08-01,house_price_yoy_pct,2.5
2024-11-01,house_price_yoy_pct,3.6
2025-02-01,house_price_yoy_pct,3.9
2025-05-01,house_price_yoy_pct,2.9
1971-01-01,usd_per_gbp,2.4056
1971-02-01,usd_per_gbp,2.4178
1971-03-01,usd_per_gbp,2.419
1971-04-01,usd_per_gbp,2.4178
1971-05-01,usd_per_gbp,2.419
1971-06-01,usd_per_gbp,2.419
1971-07-01,usd_per_gbp,2.4184
1971-08-01,usd_per_gbp,2.4349
1971-09-01,usd_per_gbp,2.4691
1971-10-01,usd_per_gbp,2.4894
1971-11-01,usd_per_gbp,2.4931
1971-12-01,usd_per_gbp,2.5265
1972-01-01,usd_per_gbp,2.5707
1972-02-01,usd_per_gbp,2.6035
1972-03-01,usd_per_gbp,2.6178
1972-04-01,usd_per_gbp,2.6103
1972-05-01,usd_per_gbp,2.6123
1972-06-01,usd_per_gbp,2.5694
1972-07-01,usd_per_gbp,2.445
1972-08-01,usd_per_gbp,2.4504
1972-09-01,usd_per_gbp,2.4408
1972-10-01,usd_per_gbp,2.3946
1972-11-01,usd_per_gbp,2.3513
1972-12-01,usd_per_gbp,2.3447
1973-01-01,usd_per_gbp,2.3563
1973-02-01,usd_per_gbp,2.4272
1973-03-01,usd_per_gbp,2.4722
1973-04-01,usd_per_gbp,2.4839
1973-05-01,usd_per_gbp,2.5304
1973-06-01,usd_per_gbp,2.576
1973-07-01,usd_per_gbp,2.5374
1973-08-01,usd_per_gbp,2.4759
1973-09-01,usd_per_gbp,2.4184
1973-10-01,usd_per_gbp,2.429
1973-11-01,usd_per_gbp,2.3872
1973-12-01,usd_per_gbp,2.3175
1974-01-01,usd_per_gbp,2.2242
1974-02-01,usd_per_gbp,2.2748
1974-03-01,usd_per_gbp,2.3408
1974-04-01,usd_per_gbp,2.3883
1974-05-01,usd_per_gbp,2.4137
1974-06-01,usd_per_gbp,2.3901
1974-07-01,usd_per_gbp,2.3895
1974-08-01,usd_per_gbp,2.3458
1974-09-01,usd_per_gbp,2.3164
1974-10-01,usd_per_gbp,2.3332
1974-11-01,usd_per_gbp,2.325
1974-12-01,usd_per_gbp,2.3294
1975-01-01,usd_per_gbp,2.3624
1975-02-01,usd_per_gbp,2.3958
1975-03-01,usd_per_gbp,2.4178
1975-04-01,usd_per_gbp,2.3708
1975-05-01,usd_per_gbp,2.3207
1975-06-01,usd_per_gbp,2.2805
1975-07-01,usd_per_gbp,2.1844
1975-08-01,usd_per_gbp,2.1142
1975-09-01,usd_per_gbp,2.0833
1975-10-01,usd_per_gbp,2.0568
1975-11-01,usd_per_gbp,2.0483
1975-12-01,usd_per_gbp,2.0222
1976-01-01,usd_per_gbp,2.0284
1976-02-01,usd_per_gbp,2.0263
1976-03-01,usd_per_gbp,1.9429
1976-04-01,usd_per_gbp,1.8464
1976-05-01,usd_per_gbp,1.808
1976-06-01,usd_per_gbp,1.764
1976-07-01,usd_per_gbp,1.7851
1976-08-01,usd_per_gbp,1.7828
1976-09-01,usd_per_gbp,1.7271
1976-10-01,usd_per_gbp,1.6377
1976-11-01,usd_per_gbp,1.638
1976-12-01,usd_per_gbp,1.6784
1977-01-01,usd_per_gbp,1.7123
1977-02-01,usd_per_gbp,1.7103
1977-03-01,usd_per_gbp,1.7173
1977-04-01,usd_per_gbp,1.7191
1977-05-01,usd_per_gbp,1.7185
1977-06-01,usd_per_gbp,1.7191
1977-07-01,usd_per_gbp,1.7227
1977-08-01,usd_per_gbp,1.7397
1977-09-01,usd_per_gbp,1.7431
1977-10-01,usd_per_gbp,1.7712
1977-11-01,usd_per_gbp,1.8179
1977-12-01,usd_per_gbp,1.8546
1978-01-01,usd_per_gbp,1.9354
1978-02-01,usd_per_gbp,1.9395
1978-03-01,usd_per_gbp,1.9055
1978-04-01,usd_per_gbp,1.8498
1978-05-01,usd_per_gbp,1.8182
1978-06-01,usd_per_gbp,1.8372
1978-07-01,usd_per_gbp,1.895
1978-08-01,usd_per_gbp,1.9406
1978-09-01,usd_per_gbp,1.9596
1978-10-01,usd_per_gbp,2.0076
1978-11-01,usd_per_gbp,1.9608
1978-12-01,usd_per_gbp,1.9861
1979-01-01,usd_per_gbp,2.0052
1979-02-01,usd_per_gbp,2.004
1979-03-01,usd_per_gbp,2.0379
1979-04-01,usd_per_gbp,2.0734
1979-05-01,usd_per_gbp,2.0589
1979-06-01,usd_per_gbp,2.1119
1979-07-01,usd_per_gbp,2.2599
1979-08-01,usd_per_gbp,2.2366
1979-09-01,usd_per_gbp,2.1968
1979-10-01,usd_per_gbp,2.1436
1979-11-01,usd_per_gbp,2.1354
1979-12-01,usd_per_gbp,2.2007
1980-01-01,usd_per_gbp,2.264
1980-02-01,usd_per_gbp,2.2889
1980-03-01,usd_per_gbp,2.2046
1980-04-01,usd_per_gbp,2.2095
1980-05-01,usd_per_gbp,2.302
1980-06-01,usd_per_gbp,2.3359
1980-07-01,usd_per_gbp,2.373
1980-08-01,usd_per_gbp,2.3702
1980-09-01,usd_per_gbp,2.401
1980-10-01,usd_per_gbp,2.4166
1980-11-01,usd_per_gbp,2.3941
1980-12-01,usd_per_gbp,2.3458
1981-01-01,usd_per_gbp,2.4027
1981-02-01,usd_per_gbp,2.2941
1981-03-01,usd_per_gbp,2.2321
1981-04-01,usd_per_gbp,2.1753
1981-05-01,usd_per_gbp,2.0886
1981-06-01,usd_per_gbp,1.9739
1981-07-01,usd_per_gbp,1.8737
1981-08-01,usd_per_gbp,1.8202
1981-09-01,usd_per_gbp,1.8146
1981-10-01,usd_per_gbp,1.8406
1981-11-01,usd_per_gbp,1.9026
1981-12-01,usd_per_gbp,1.9033
1982-01-01,usd_per_gbp,1.8861
1982-02-01,usd_per_gbp,1.8471
1982-03-01,usd_per_gbp,1.8054
1982-04-01,usd_per_gbp,1.7721
1982-05-01,usd_per_gbp,1.8103
1982-06-01,usd_per_gbp,1.7562
1982-07-01,usd_per_gbp,1.7355
1982-08-01,usd_per_gbp,1.725
1982-09-01,usd_per_gbp,1.712
1982-10-01,usd_per_gbp,1.6961
1982-11-01,usd_per_gbp,1.6321
1982-12-01,usd_per_gbp,1.616
1983-01-01,usd_per_gbp,1.5755
1983-02-01,usd_per_gbp,1.5328
1983-03-01,usd_per_gbp,1.4901
1983-04-01,usd_per_gbp,1.5361
1983-05-01,usd_per_gbp,1.5721
1983-06-01,usd_per_gbp,1.548
1983-07-01,usd_per_gbp,1.5272
1983-08-01,usd_per_gbp,1.5026
1983-09-01,usd_per_gbp,1.4986
1983-10-01,usd_per_gbp,1.497
1983-11-01,usd_per_gbp,1.4767
1983-12-01,usd_per_gbp,1.4339
1984-01-01,usd_per_gbp,1.4077
1984-02-01,usd_per_gbp,1.4418
1984-03-01,usd_per_gbp,1.4556
1984-04-01,usd_per_gbp,1.4211
1984-05-01,usd_per_gbp,1.3895
1984-06-01,usd_per_gbp,1.377
1984-07-01,usd_per_gbp,1.32
1984-08-01,usd_per_gbp,1.3132
1984-09-01,usd_per_gbp,1.2563
1984-10-01,usd_per_gbp,1.2197
1984-11-01,usd_per_gbp,1.2392
1984-12-01,usd_per_gbp,1.1861
1985-01-01,usd_per_gbp,1.1271
1985-02-01,usd_per_gbp,1.0931
1985-03-01,usd_per_gbp,1.1252
1985-04-01,usd_per_gbp,1.2376
1985-05-01,usd_per_gbp,1.2483
1985-06-01,usd_per_gbp,1.2807
1985-07-01,usd_per_gbp,1.3806
1985-08-01,usd_per_gbp,1.3841
1985-09-01,usd_per_gbp,1.3643
1985-10-01,usd_per_gbp,1.4215
1985-11-01,usd_per_gbp,1.4397
1985-12-01,usd_per_gbp,1.4447
1986-01-01,usd_per_gbp,1.4245
1986-02-01,usd_per_gbp,1.4298
1986-03-01,usd_per_gbp,1.4674
1986-04-01,usd_per_gbp,1.4986
1986-05-01,usd_per_gbp,1.5211
1986-06-01,usd_per_gbp,1.5085
1986-07-01,usd_per_gbp,1.5072
1986-08-01,usd_per_gbp,1.4861
1986-09-01,usd_per_gbp,1.4697
1986-10-01,usd_per_gbp,1.4263
1986-11-01,usd_per_gbp,1.4239
1986-12-01,usd_per_gbp,1.4393
1987-01-01,usd_per_gbp,1.5053
1987-02-01,usd_per_gbp,1.5279
1987-03-01,usd_per_gbp,1.5924
1987-04-01,usd_per_gbp,1.6313
1987-05-01,usd_per_gbp,1.6667
1987-06-01,usd_per_gbp,1.6289
1987-07-01,usd_per_gbp,1.609
1987-08-01,usd_per_gbp,1.5995
1987-09-01,usd_per_gbp,1.6445
1987-10-01,usd_per_gbp,1.662
1987-11-01,usd_per_gbp,1.7753
1987-12-01,usd_per_gbp,1.8288
1988-01-01,usd_per_gbp,1.8008
1988-02-01,usd_per_gbp,1.7581
1988-03-01,usd_per_gbp,1.8328
1988-04-01,usd_per_gbp,1.8783
1988-05-01,usd_per_gbp,1.8695
1988-06-01,usd_per_gbp,1.7768
1988-07-01,usd_per_gbp,1.705
1988-08-01,usd_per_gbp,1.6966
1988-09-01,usd_per_gbp,1.6841
1988-10-01,usd_per_gbp,1.7388
1988-11-01,usd_per_gbp,1.8086
1988-12-01,usd_per_gbp,1.8258
1989-01-01,usd_per_gbp,1.7737
1989-02-01,usd_per_gbp,1.7535
1989-03-01,usd_per_gbp,1.7135
1989-04-01,usd_per_gbp,1.7007
1989-05-01,usd_per_gbp,1.6308
1989-06-01,usd_per_gbp,1.553
1989-07-01,usd_per_gbp,1.6268
1989-08-01,usd_per_gbp,1.5946
1989-09-01,usd_per_gbp,1.5716
1989-10-01,usd_per_gbp,1.5873
1989-11-01,usd_per_gbp,1.5726
1989-12-01,usd_per_gbp,1.5964
1990-01-01,usd_per_gbp,1.6513
1990-02-01,usd_per_gbp,1.6961
1990-03-01,usd_per_gbp,1.6244
1990-04-01,usd_per_gbp,1.6372
1990-05-01,usd_per_gbp,1.6773
1990-06-01,usd_per_gbp,1.7103
1990-07-01,usd_per_gbp,1.81
1990-08-01,usd_per_gbp,1.9011
1990-09-01,usd_per_gbp,1.8793
1990-10-01,usd_per_gbp,1.9455
1990-11-01,usd_per_gbp,1.9643
1990-12-01,usd_per_gbp,1.922
1991-01-01,usd_per_gbp,1.9346
1991-02-01,usd_per_gbp,1.9643
1991-03-01,usd_per_gbp,1.8215
1991-04-01,usd_per_gbp,1.7498
1991-05-01,usd_per_gbp,1.7238
1991-06-01,usd_per_gbp,1.6496
1991-07-01,usd_per_gbp,1.6513
1991-08-01,usd_per_gbp,1.6841
1991-09-01,usd_per_gbp,1.7265
1991-10-01,usd_per_gbp,1.7232
1991-11-01,usd_per_gbp,1.7797
1991-12-01,usd_per_gbp,1.8272
1992-01-01,usd_per_gbp,1.809
1992-02-01,usd_per_gbp,1.7778
1992-03-01,usd_per_gbp,1.7238
1992-04-01,usd_per_gbp,1.7565
1992-05-01,usd_per_gbp,1.8096
1992-06-01,usd_per_gbp,1.8549
1992-07-01,usd_per_gbp,1.9175
1992-08-01,usd_per_gbp,1.9433
1992-09-01,usd_per_gbp,1.8464
1992-10-01,usd_per_gbp,1.6529
1992-11-01,usd_per_gbp,1.5267
1992-12-01,usd_per_gbp,1.5511
1993-01-01,usd_per_gbp,1.5326
1993-02-01,usd_per_gbp,1.4395
1993-03-01,usd_per_gbp,1.4618
1993-04-01,usd_per_gbp,1.5446
1993-05-01,usd_per_gbp,1.5477
1993-06-01,usd_per_gbp,1.5083
1993-07-01,usd_per_gbp,1.4954
1993-08-01,usd_per_gbp,1.4914
1993-09-01,usd_per_gbp,1.5249
1993-10-01,usd_per_gbp,1.5024
1993-11-01,usd_per_gbp,1.4808
1993-12-01,usd_per_gbp,1.4912
1994-01-01,usd_per_gbp,1.4923
1994-02-01,usd_per_gbp,1.4793
1994-03-01,usd_per_gbp,1.4919
1994-04-01,usd_per_gbp,1.4824
1994-05-01,usd_per_gbp,1.5042
1994-06-01,usd_per_gbp,1.5263
1994-07-01,usd_per_gbp,1.5468
1994-08-01,usd_per_gbp,1.5423
1994-09-01,usd_per_gbp,1.5662
1994-10-01,usd_per_gbp,1.6064
1994-11-01,usd_per_gbp,1.5893
1994-12-01,usd_per_gbp,1.5586
1995-01-01,usd_per_gbp,1.5746
1995-02-01,usd_per_gbp,1.5721
1995-03-01,usd_per_gbp,1.6003
1995-04-01,usd_per_gbp,1.6072
1995-05-01,usd_per_gbp,1.5873
1995-06-01,usd_per_gbp,1.5949
1995-07-01,usd_per_gbp,1.5952
1995-08-01,usd_per_gbp,1.5669
1995-09-01,usd_per_gbp,1.5591
1995-10-01,usd_per_gbp,1.5778
1995-11-01,usd_per_gbp,1.5625
1995-12-01,usd_per_gbp,1.5406
1996-01-01,usd_per_gbp,1.5288
1996-02-01,usd_per_gbp,1.5361
1996-03-01,usd_per_gbp,1.5272
1996-04-01,usd_per_gbp,1.5161
1996-05-01,usd_per_gbp,1.5152
1996-06-01,usd_per_gbp,1.5415
1996-07-01,usd_per_gbp,1.553
1996-08-01,usd_per_gbp,1.5499
1996-09-01,usd_per_gbp,1.5593
1996-10-01,usd_per_gbp,1.5863
1996-11-01,usd_per_gbp,1.6622
1996-12-01,usd_per_gbp,1.6639
1997-01-01,usd_per_gbp,1.6584
1997-02-01,usd_per_gbp,1.6255
1997-03-01,usd_per_gbp,1.6095
1997-04-01,usd_per_gbp,1.6292
1997-05-01,usd_per_gbp,1.6321
1997-06-01,usd_per_gbp,1.645
1997-07-01,usd_per_gbp,1.6694
1997-08-01,usd_per_gbp,1.6036
1997-09-01,usd_per_gbp,1.6013
1997-10-01,usd_per_gbp,1.6329
1997-11-01,usd_per_gbp,1.6889
1997-12-01,usd_per_gbp,1.6598
1998-01-01,usd_per_gbp,1.6351
1998-02-01,usd_per_gbp,1.6407
1998-03-01,usd_per_gbp,1.662
1998-04-01,usd_per_gbp,1.6722
1998-05-01,usd_per_gbp,1.6383
1998-06-01,usd_per_gbp,1.6504
1998-07-01,usd_per_gbp,1.6437
1998-08-01,usd_per_gbp,1.6343
1998-09-01,usd_per_gbp,1.6824
1998-10-01,usd_per_gbp,1.6943
1998-11-01,usd_per_gbp,1.6611
1998-12-01,usd_per_gbp,1.6708
1999-01-01,usd_per_gbp,1.6499
1999-02-01,usd_per_gbp,1.6276
1999-03-01,usd_per_gbp,1.6213
1999-04-01,usd_per_gbp,1.609
1999-05-01,usd_per_gbp,1.6155
1999-06-01,usd_per_gbp,1.5949
1999-07-01,usd_per_gbp,1.5751
1999-08-01,usd_per_gbp,1.6059
1999-09-01,usd_per_gbp,1.6247
1999-10-01,usd_per_gbp,1.6573
1999-11-01,usd_per_gbp,1.6205
1999-12-01,usd_per_gbp,1.6132
2000-01-01,usd_per_gbp,1.6404
2000-02-01,usd_per_gbp,1.6
2000-03-01,usd_per_gbp,1.5798
2000-04-01,usd_per_gbp,1.5823
2000-05-01,usd_per_gbp,1.509
2000-06-01,usd_per_gbp,1.5092
2000-07-01,usd_per_gbp,1.5076
2000-08-01,usd_per_gbp,1.489
2000-09-01,usd_per_gbp,1.4337
2000-10-01,usd_per_gbp,1.4505
2000-11-01,usd_per_gbp,1.4257
2000-12-01,usd_per_gbp,1.4628
2001-01-01,usd_per_gbp,1.4775
2001-02-01,usd_per_gbp,1.4524
2001-03-01,usd_per_gbp,1.4445
2001-04-01,usd_per_gbp,1.4347
2001-05-01,usd_per_gbp,1.4265
2001-06-01,usd_per_gbp,1.4019
2001-07-01,usd_per_gbp,1.4148
2001-08-01,usd_per_gbp,1.4372
2001-09-01,usd_per_gbp,1.4637
2001-10-01,usd_per_gbp,1.4501
2001-11-01,usd_per_gbp,1.4355
2001-12-01,usd_per_gbp,1.4413
2002-01-01,usd_per_gbp,1.4323
2002-02-01,usd_per_gbp,1.4227
2002-03-01,usd_per_gbp,1.4231
2002-04-01,usd_per_gbp,1.443
2002-05-01,usd_per_gbp,1.4599
2002-06-01,usd_per_gbp,1.4837
2002-07-01,usd_per_gbp,1.5564
2002-08-01,usd_per_gbp,1.5368
2002-09-01,usd_per_gbp,1.5564
2002-10-01,usd_per_gbp,1.5574
2002-11-01,usd_per_gbp,1.5711
2002-12-01,usd_per_gbp,1.5863
2003-01-01,usd_per_gbp,1.6176
2003-02-01,usd_per_gbp,1.608
2003-03-01,usd_per_gbp,1.5825
2003-04-01,usd_per_gbp,1.5738
2003-05-01,usd_per_gbp,1.6223
2003-06-01,usd_per_gbp,1.6609
2003-07-01,usd_per_gbp,1.6221
2003-08-01,usd_per_gbp,1.5939
2003-09-01,usd_per_gbp,1.6155
2003-10-01,usd_per_gbp,1.6793
2003-11-01,usd_per_gbp,1.6898
2003-12-01,usd_per_gbp,1.7516
2004-01-01,usd_per_gbp,1.8255
2004-02-01,usd_per_gbp,1.8674
2004-03-01,usd_per_gbp,1.8262
2004-04-01,usd_per_gbp,1.8031
2004-05-01,usd_per_gbp,1.786
2004-06-01,usd_per_gbp,1.8278
2004-07-01,usd_per_gbp,1.8437
2004-08-01,usd_per_gbp,1.8202
2004-09-01,usd_per_gbp,1.7937
2004-10-01,usd_per_gbp,1.8077
2004-11-01,usd_per_gbp,1.8608
2004-12-01,usd_per_gbp,1.9286
2005-01-01,usd_per_gbp,1.8797
2005-02-01,usd_per_gbp,1.8871
2005-03-01,usd_per_gbp,1.9044
2005-04-01,usd_per_gbp,1.8961
2005-05-01,usd_per_gbp,1.856
2005-06-01,usd_per_gbp,1.8179
2005-07-01,usd_per_gbp,1.7507
2005-08-01,usd_per_gbp,1.7944
2005-09-01,usd_per_gbp,1.8064
2005-10-01,usd_per_gbp,1.7652
2005-11-01,usd_per_gbp,1.7349
2005-12-01,usd_per_gbp,1.7458
2006-01-01,usd_per_gbp,1.7687
2006-02-01,usd_per_gbp,1.7479
2006-03-01,usd_per_gbp,1.7443
2006-04-01,usd_per_gbp,1.768
2006-05-01,usd_per_gbp,1.8688
2006-06-01,usd_per_gbp,1.8437
2006-07-01,usd_per_gbp,1.8443
2006-08-01,usd_per_gbp,1.8939
2006-09-01,usd_per_gbp,1.8839
2006-10-01,usd_per_gbp,1.8765
2006-11-01,usd_per_gbp,1.9124
2006-12-01,usd_per_gbp,1.9627
2007-01-01,usd_per_gbp,1.9589
2007-02-01,usd_per_gbp,1.9589
2007-03-01,usd_per_gbp,1.9474
2007-04-01,usd_per_gbp,1.9881
2007-05-01,usd_per_gbp,1.9841
2007-06-01,usd_per_gbp,1.9869
2007-07-01,usd_per_gbp,2.0354
2007-08-01,usd_per_gbp,2.0109
2007-09-01,usd_per_gbp,2.0186
2007-10-01,usd_per_gbp,2.045
2007-11-01,usd_per_gbp,2.07
2007-12-01,usd_per_gbp,2.0161
2008-01-01,usd_per_gbp,1.9701
2008-02-01,usd_per_gbp,1.9646
2008-03-01,usd_per_gbp,2.0016
2008-04-01,usd_per_gbp,1.9818
2008-05-01,usd_per_gbp,1.965
2008-06-01,usd_per_gbp,1.9666
2008-07-01,usd_per_gbp,1.9889
2008-08-01,usd_per_gbp,1.8864
2008-09-01,usd_per_gbp,1.7973
2008-10-01,usd_per_gbp,1.6863
2008-11-01,usd_per_gbp,1.5328
2008-12-01,usd_per_gbp,1.4854
2009-01-01,usd_per_gbp,1.4461
2009-02-01,usd_per_gbp,1.4422
2009-03-01,usd_per_gbp,1.417
2009-04-01,usd_per_gbp,1.4712
2009-05-01,usd_per_gbp,1.5418
2009-06-01,usd_per_gbp,1.6369
2009-07-01,usd_per_gbp,1.6377
2009-08-01,usd_per_gbp,1.6532
2009-09-01,usd_per_gbp,1.6324
2009-10-01,usd_per_gbp,1.6213
2009-11-01,usd_per_gbp,1.66
2009-12-01,usd_per_gbp,1.6226
2010-01-01,usd_per_gbp,1.6158
2010-02-01,usd_per_gbp,1.5618
2010-03-01,usd_per_gbp,1.5058
2010-04-01,usd_per_gbp,1.5333
2010-05-01,usd_per_gbp,1.4669
2010-06-01,usd_per_gbp,1.4769
2010-07-01,usd_per_gbp,1.5305
2010-08-01,usd_per_gbp,1.5662
2010-09-01,usd_per_gbp,1.5591
2010-10-01,usd_per_gbp,1.5868
2010-11-01,usd_per_gbp,1.5962
2010-12-01,usd_per_gbp,1.5596
2011-01-01,usd_per_gbp,1.5783
2011-02-01,usd_per_gbp,1.6124
2011-03-01,usd_per_gbp,1.6158
2011-04-01,usd_per_gbp,1.638
2011-05-01,usd_per_gbp,1.6332
2011-06-01,usd_per_gbp,1.6218
2011-07-01,usd_per_gbp,1.6158
2011-08-01,usd_per_gbp,1.6356
2011-09-01,usd_per_gbp,1.577
2011-10-01,usd_per_gbp,1.5768
2011-11-01,usd_per_gbp,1.5805
2011-12-01,usd_per_gbp,1.5586
2012-01-01,usd_per_gbp,1.5523
2012-02-01,usd_per_gbp,1.5803
2012-03-01,usd_per_gbp,1.5823
2012-04-01,usd_per_gbp,1.6
2012-05-01,usd_per_gbp,1.5924
2012-06-01,usd_per_gbp,1.5557
2012-07-01,usd_per_gbp,1.5593
2012-08-01,usd_per_gbp,1.5721
2012-09-01,usd_per_gbp,1.6126
2012-10-01,usd_per_gbp,1.608
2012-11-01,usd_per_gbp,1.5967
2012-12-01,usd_per_gbp,1.6145
2013-01-01,usd_per_gbp,1.5964
2013-02-01,usd_per_gbp,1.5475
2013-03-01,usd_per_gbp,1.5081
2013-04-01,usd_per_gbp,1.5312
2013-05-01,usd_per_gbp,1.5298
2013-06-01,usd_per_gbp,1.5492
2013-07-01,usd_per_gbp,1.5179
2013-08-01,usd_per_gbp,1.5504
2013-09-01,usd_per_gbp,1.5886
2013-10-01,usd_per_gbp,1.6098
2013-11-01,usd_per_gbp,1.61
2013-12-01,usd_per_gbp,1.6383
2014-01-01,usd_per_gbp,1.6469
2014-02-01,usd_per_gbp,1.6559
2014-03-01,usd_per_gbp,1.6625
2014-04-01,usd_per_gbp,1.6748
2014-05-01,usd_per_gbp,1.6841
2014-06-01,usd_per_gbp,1.6909
2014-07-01,usd_per_gbp,1.7065
2014-08-01,usd_per_gbp,1.67
2014-09-01,usd_per_gbp,1.6289
2014-10-01,usd_per_gbp,1.6075
2014-11-01,usd_per_gbp,1.577
2014-12-01,usd_per_gbp,1.5645
2015-01-01,usd_per_gbp,1.5142
2015-02-01,usd_per_gbp,1.5328
2015-03-01,usd_per_gbp,1.4959
2015-04-01,usd_per_gbp,1.4968
2015-05-01,usd_per_gbp,1.5456
2015-06-01,usd_per_gbp,1.5576
2015-07-01,usd_per_gbp,1.5559
2015-08-01,usd_per_gbp,1.5579
2015-09-01,usd_per_gbp,1.5337
2015-10-01,usd_per_gbp,1.5342
2015-11-01,usd_per_gbp,1.5193
2015-12-01,usd_per_gbp,1.4981
2016-01-01,usd_per_gbp,1.4393
2016-02-01,usd_per_gbp,1.429
2016-03-01,usd_per_gbp,1.4249
2016-04-01,usd_per_gbp,1.4318
2016-05-01,usd_per_gbp,1.4524
2016-06-01,usd_per_gbp,1.4196
2016-07-01,usd_per_gbp,1.3134
2016-08-01,usd_per_gbp,1.3101
2016-09-01,usd_per_gbp,1.3141
2016-10-01,usd_per_gbp,1.233
2016-11-01,usd_per_gbp,1.2432
2016-12-01,usd_per_gbp,1.2483
2017-01-01,usd_per_gbp,1.2367
2017-02-01,usd_per_gbp,1.2495
2017-03-01,usd_per_gbp,1.2347
2017-04-01,usd_per_gbp,1.2639
2017-05-01,usd_per_gbp,1.2928
2017-06-01,usd_per_gbp,1.2811
2017-07-01,usd_per_gbp,1.2995
2017-08-01,usd_per_gbp,1.2952
2017-09-01,usd_per_gbp,1.334
2017-10-01,usd_per_gbp,1.3201
2017-11-01,usd_per_gbp,1.3217
2017-12-01,usd_per_gbp,1.3405
2018-01-01,usd_per_gbp,1.3824
2018-02-01,usd_per_gbp,1.3961
2018-03-01,usd_per_gbp,1.3976
2018-04-01,usd_per_gbp,1.4079
2018-05-01,usd_per_gbp,1.347
2018-06-01,usd_per_gbp,1.3294
2018-07-01,usd_per_gbp,1.3161
2018-08-01,usd_per_gbp,1.2878
2018-09-01,usd_per_gbp,1.3067
2018-10-01,usd_per_gbp,1.3012
2018-11-01,usd_per_gbp,1.29
2018-12-01,usd_per_gbp,1.2665
2019-01-01,usd_per_gbp,1.2902
2019-02-01,usd_per_gbp,1.3016
2019-03-01,usd_per_gbp,1.3167
2019-04-01,usd_per_gbp,1.3029
2019-05-01,usd_per_gbp,1.2855
2019-06-01,usd_per_gbp,1.2674
2019-07-01,usd_per_gbp,1.2461
2019-08-01,usd_per_gbp,1.216
2019-09-01,usd_per_gbp,1.2369
2019-10-01,usd_per_gbp,1.2657
2019-11-01,usd_per_gbp,1.2883
2019-12-01,usd_per_gbp,1.311
2020-01-01,usd_per_gbp,1.3075
2020-02-01,usd_per_gbp,1.2953
2020-03-01,usd_per_gbp,1.2369
2020-04-01,usd_per_gbp,1.2419
2020-05-01,usd_per_gbp,1.2302
2020-06-01,usd_per_gbp,1.2523
2020-07-01,usd_per_gbp,1.2702
2020-08-01,usd_per_gbp,1.3142
2020-09-01,usd_per_gbp,1.2947
2020-10-01,usd_per_gbp,1.298
2020-11-01,usd_per_gbp,1.3198
2020-12-01,usd_per_gbp,1.3434
2021-01-01,usd_per_gbp,1.3641
2021-02-01,usd_per_gbp,1.3868
2021-03-01,usd_per_gbp,1.3864
2021-04-01,usd_per_gbp,1.3845
2021-05-01,usd_per_gbp,1.4085
2021-06-01,usd_per_gbp,1.4025
2021-07-01,usd_per_gbp,1.3808
2021-08-01,usd_per_gbp,1.3797
2021-09-01,usd_per_gbp,1.3732
2021-10-01,usd_per_gbp,1.3701
2021-11-01,usd_per_gbp,1.3463
2021-12-01,usd_per_gbp,1.3303
2022-01-01,usd_per_gbp,1.3556
2022-02-01,usd_per_gbp,1.3539
2022-03-01,usd_per_gbp,1.3168
2022-04-01,usd_per_gbp,1.2933
2022-05-01,usd_per_gbp,1.2438
2022-06-01,usd_per_gbp,1.232
2022-07-01,usd_per_gbp,1.1988
2022-08-01,usd_per_gbp,1.1983
2022-09-01,usd_per_gbp,1.132
2022-10-01,usd_per_gbp,1.1331
2022-11-01,usd_per_gbp,1.1727
2022-12-01,usd_per_gbp,1.218
2023-01-01,usd_per_gbp,1.2237
2023-02-01,usd_per_gbp,1.2085
2023-03-01,usd_per_gbp,1.2137
2023-04-01,usd_per_gbp,1.2446
2023-05-01,usd_per_gbp,1.2484
2023-06-01,usd_per_gbp,1.2626
2023-07-01,usd_per_gbp,1.2893
2023-08-01,usd_per_gbp,1.2706
2023-09-01,usd_per_gbp,1.2381
2023-10-01,usd_per_gbp,1.2174
2023-11-01,usd_per_gbp,1.2436
2023-12-01,usd_per_gbp,1.2657
2024-01-01,usd_per_gbp,1.2702
2024-02-01,usd_per_gbp,1.2629
2024-03-01,usd_per_gbp,1.2713
2024-04-01,usd_per_gbp,1.2517
2024-05-01,usd_per_gbp,1.2636
2024-06-01,usd_per_gbp,1.2716
2024-07-01,usd_per_gbp,1.287
2024-08-01,usd_per_gbp,1.2945
2024-09-01,usd_per_gbp,1.3219
2024-10-01,usd_per_gbp,1.3043
2024-11-01,usd_per_gbp,1.2737
2024-12-01,usd_per_gbp,1.2647
2025-01-01,usd_per_gbp,1.2353
2025-02-01,usd_per_gbp,1.2542
2025-03-01,usd_per_gbp,1.2913
2025-04-01,usd_per_gbp,1.3144
2025-05-01,usd_per_gbp,1.3358
2025-06-01,usd_per_gbp,1.3578
2025-07-01,usd_per_gbp,1.349
2025-08-01,usd_per_gbp,1.3455
2025-09-01,usd_per_gbp,1.3506
2025-10-01,usd_per_gbp,1.3356
2025-11-01,usd_per_gbp,1.3139
2025-12-01,usd_per_gbp,1.3387
2026-01-01,usd_per_gbp,1.3535
2026-02-01,usd_per_gbp,1.358
2026-03-01,usd_per_gbp,1.3339
2026-04-01,usd_per_gbp,1.3454
2026-05-01,usd_per_gbp,1.3497
2026-06-01,usd_per_gbp,1.3339
2026-07-01,usd_per_gbp,1.3383
2026-08-01,usd_per_gbp,1.3546
2026-09-01,usd_per_gbp,1.3407
